0 verbose cli /opt/homebrew/Cellar/node/24.7.0/bin/node /opt/homebrew/bin/npm
1 info using npm@11.5.1
2 info using node@v24.7.0
3 silly config load:file:/opt/homebrew/lib/node_modules/npm/npmrc
4 silly config load:file:/Users/aviralgarg/Downloads/wayweb/.npmrc
5 silly config load:file:/Users/aviralgarg/.npmrc
6 silly config load:file:/opt/homebrew/etc/npmrc
7 verbose title npm install
8 verbose argv "install" "--cache" "./tmp-npm-cache"
9 verbose logfile logs-max:10 dir:/Users/aviralgarg/Downloads/wayweb/tmp-npm-cache/_logs/2025-09-26T15_08_09_950Z-
10 verbose logfile /Users/aviralgarg/Downloads/wayweb/tmp-npm-cache/_logs/2025-09-26T15_08_09_950Z-debug-0.log
11 silly logfile done cleaning log files
12 silly packumentCache heap:4496293888 maxSize:1124073472 maxEntrySize:562036736
13 silly idealTree buildDeps
14 silly reify moves {}
15 verbose reify failed optional dependency /Users/aviralgarg/Downloads/wayweb/node_modules/@tailwindcss/oxide-wasm32-wasi
16 silly reify mark deleted [
16 silly reify   '/Users/aviralgarg/Downloads/wayweb/node_modules/@tailwindcss/oxide-wasm32-wasi'
16 silly reify ]
17 silly audit bulk request {
17 silly audit   '@alloc/quick-lru': [ '5.2.0' ],
17 silly audit   '@ampproject/remapping': [ '2.3.0' ],
17 silly audit   '@babel/runtime': [ '7.28.4' ],
17 silly audit   '@emnapi/core': [ '1.4.5' ],
17 silly audit   '@emnapi/runtime': [ '1.4.5' ],
17 silly audit   '@emnapi/wasi-threads': [ '1.0.4' ],
17 silly audit   '@eslint-community/eslint-utils': [ '4.7.0' ],
17 silly audit   'eslint-visitor-keys': [ '3.4.3', '4.2.1' ],
17 silly audit   '@eslint-community/regexpp': [ '4.12.1' ],
17 silly audit   '@eslint/config-array': [ '0.21.0' ],
17 silly audit   '@eslint/config-helpers': [ '0.3.1' ],
17 silly audit   '@eslint/core': [ '0.15.2' ],
17 silly audit   '@eslint/eslintrc': [ '3.3.1' ],
17 silly audit   '@eslint/js': [ '9.32.0' ],
17 silly audit   '@eslint/object-schema': [ '2.1.6' ],
17 silly audit   '@eslint/plugin-kit': [ '0.3.5' ],
17 silly audit   '@floating-ui/core': [ '1.7.3' ],
17 silly audit   '@floating-ui/dom': [ '1.7.3' ],
17 silly audit   '@floating-ui/react': [ '0.27.15' ],
17 silly audit   '@floating-ui/react-dom': [ '2.1.5' ],
17 silly audit   '@floating-ui/utils': [ '0.2.10' ],
17 silly audit   '@humanfs/core': [ '0.19.1' ],
17 silly audit   '@humanfs/node': [ '0.16.6' ],
17 silly audit   '@humanwhocodes/retry': [ '0.3.1', '0.4.3' ],
17 silly audit   '@humanwhocodes/module-importer': [ '1.0.1' ],
17 silly audit   '@img/sharp-darwin-arm64': [ '0.34.3' ],
17 silly audit   '@img/sharp-darwin-x64': [ '0.34.3' ],
17 silly audit   '@img/sharp-libvips-darwin-arm64': [ '1.2.0' ],
17 silly audit   '@img/sharp-libvips-darwin-x64': [ '1.2.0' ],
17 silly audit   '@img/sharp-libvips-linux-arm': [ '1.2.0' ],
17 silly audit   '@img/sharp-libvips-linux-arm64': [ '1.2.0' ],
17 silly audit   '@img/sharp-libvips-linux-ppc64': [ '1.2.0' ],
17 silly audit   '@img/sharp-libvips-linux-s390x': [ '1.2.0' ],
17 silly audit   '@img/sharp-libvips-linux-x64': [ '1.2.0' ],
17 silly audit   '@img/sharp-libvips-linuxmusl-arm64': [ '1.2.0' ],
17 silly audit   '@img/sharp-libvips-linuxmusl-x64': [ '1.2.0' ],
17 silly audit   '@img/sharp-linux-arm': [ '0.34.3' ],
17 silly audit   '@img/sharp-linux-arm64': [ '0.34.3' ],
17 silly audit   '@img/sharp-linux-ppc64': [ '0.34.3' ],
17 silly audit   '@img/sharp-linux-s390x': [ '0.34.3' ],
17 silly audit   '@img/sharp-linux-x64': [ '0.34.3' ],
17 silly audit   '@img/sharp-linuxmusl-arm64': [ '0.34.3' ],
17 silly audit   '@img/sharp-linuxmusl-x64': [ '0.34.3' ],
17 silly audit   '@img/sharp-wasm32': [ '0.34.3' ],
17 silly audit   '@img/sharp-win32-arm64': [ '0.34.3' ],
17 silly audit   '@img/sharp-win32-ia32': [ '0.34.3' ],
17 silly audit   '@img/sharp-win32-x64': [ '0.34.3' ],
17 silly audit   '@isaacs/fs-minipass': [ '4.0.1' ],
17 silly audit   '@jridgewell/gen-mapping': [ '0.3.12' ],
17 silly audit   '@jridgewell/resolve-uri': [ '3.1.2' ],
17 silly audit   '@jridgewell/sourcemap-codec': [ '1.5.4' ],
17 silly audit   '@jridgewell/trace-mapping': [ '0.3.29' ],
17 silly audit   '@mongodb-js/saslprep': [ '1.3.0' ],
17 silly audit   '@napi-rs/wasm-runtime': [ '0.2.12' ],
17 silly audit   '@next/env': [ '15.4.6' ],
17 silly audit   '@next/eslint-plugin-next': [ '15.4.6' ],
17 silly audit   '@next/swc-darwin-arm64': [ '15.4.6' ],
17 silly audit   '@next/swc-darwin-x64': [ '15.4.6' ],
17 silly audit   '@next/swc-linux-arm64-gnu': [ '15.4.6' ],
17 silly audit   '@next/swc-linux-arm64-musl': [ '15.4.6' ],
17 silly audit   '@next/swc-linux-x64-gnu': [ '15.4.6' ],
17 silly audit   '@next/swc-linux-x64-musl': [ '15.4.6' ],
17 silly audit   '@next/swc-win32-arm64-msvc': [ '15.4.6' ],
17 silly audit   '@next/swc-win32-x64-msvc': [ '15.4.6' ],
17 silly audit   '@nodelib/fs.scandir': [ '2.1.5' ],
17 silly audit   '@nodelib/fs.stat': [ '2.0.5' ],
17 silly audit   '@nodelib/fs.walk': [ '1.2.8' ],
17 silly audit   '@nolyfill/is-core-module': [ '1.0.39' ],
17 silly audit   '@panva/hkdf': [ '1.2.1' ],
17 silly audit   '@rtsao/scc': [ '1.1.0' ],
17 silly audit   '@rushstack/eslint-patch': [ '1.12.0' ],
17 silly audit   '@swc/helpers': [ '0.5.15' ],
17 silly audit   '@tailwindcss/node': [ '4.1.11' ],
17 silly audit   '@tailwindcss/oxide': [ '4.1.11' ],
17 silly audit   '@tailwindcss/oxide-android-arm64': [ '4.1.11' ],
17 silly audit   '@tailwindcss/oxide-darwin-arm64': [ '4.1.11' ],
17 silly audit   '@tailwindcss/oxide-darwin-x64': [ '4.1.11' ],
17 silly audit   '@tailwindcss/oxide-freebsd-x64': [ '4.1.11' ],
17 silly audit   '@tailwindcss/oxide-linux-arm-gnueabihf': [ '4.1.11' ],
17 silly audit   '@tailwindcss/oxide-linux-arm64-gnu': [ '4.1.11' ],
17 silly audit   '@tailwindcss/oxide-linux-arm64-musl': [ '4.1.11' ],
17 silly audit   '@tailwindcss/oxide-linux-x64-gnu': [ '4.1.11' ],
17 silly audit   '@tailwindcss/oxide-linux-x64-musl': [ '4.1.11' ],
17 silly audit   '@tailwindcss/oxide-win32-arm64-msvc': [ '4.1.11' ],
17 silly audit   '@tailwindcss/oxide-win32-x64-msvc': [ '4.1.11' ],
17 silly audit   '@tailwindcss/postcss': [ '4.1.11' ],
17 silly audit   '@tybys/wasm-util': [ '0.10.0' ],
17 silly audit   '@types/estree': [ '1.0.8' ],
17 silly audit   '@types/json-schema': [ '7.0.15' ],
17 silly audit   '@types/json5': [ '0.0.29' ],
17 silly audit   '@types/node': [ '20.19.9' ],
17 silly audit   '@types/react': [ '19.1.9' ],
17 silly audit   '@types/react-dom': [ '19.1.7' ],
17 silly audit   '@types/webidl-conversions': [ '7.0.3' ],
17 silly audit   '@types/whatwg-url': [ '11.0.5' ],
17 silly audit   '@typescript-eslint/eslint-plugin': [ '8.39.0' ],
17 silly audit   ignore: [ '7.0.5', '5.3.2' ],
17 silly audit   '@typescript-eslint/parser': [ '8.39.0' ],
17 silly audit   '@typescript-eslint/project-service': [ '8.39.0' ],
17 silly audit   '@typescript-eslint/scope-manager': [ '8.39.0' ],
17 silly audit   '@typescript-eslint/tsconfig-utils': [ '8.39.0' ],
17 silly audit   '@typescript-eslint/type-utils': [ '8.39.0' ],
17 silly audit   '@typescript-eslint/types': [ '8.39.0' ],
17 silly audit   '@typescript-eslint/typescript-estree': [ '8.39.0' ],
17 silly audit   'brace-expansion': [ '2.0.2', '1.1.12' ],
17 silly audit   'fast-glob': [ '3.3.3', '3.3.1' ],
17 silly audit   'glob-parent': [ '5.1.2', '6.0.2' ],
17 silly audit   minimatch: [ '9.0.5', '3.1.2' ],
17 silly audit   '@typescript-eslint/utils': [ '8.39.0' ],
17 silly audit   '@typescript-eslint/visitor-keys': [ '8.39.0' ],
17 silly audit   '@unrs/resolver-binding-android-arm-eabi': [ '1.11.1' ],
17 silly audit   '@unrs/resolver-binding-android-arm64': [ '1.11.1' ],
17 silly audit   '@unrs/resolver-binding-darwin-arm64': [ '1.11.1' ],
17 silly audit   '@unrs/resolver-binding-darwin-x64': [ '1.11.1' ],
17 silly audit   '@unrs/resolver-binding-freebsd-x64': [ '1.11.1' ],
17 silly audit   '@unrs/resolver-binding-linux-arm-gnueabihf': [ '1.11.1' ],
17 silly audit   '@unrs/resolver-binding-linux-arm-musleabihf': [ '1.11.1' ],
17 silly audit   '@unrs/resolver-binding-linux-arm64-gnu': [ '1.11.1' ],
17 silly audit   '@unrs/resolver-binding-linux-arm64-musl': [ '1.11.1' ],
17 silly audit   '@unrs/resolver-binding-linux-ppc64-gnu': [ '1.11.1' ],
17 silly audit   '@unrs/resolver-binding-linux-riscv64-gnu': [ '1.11.1' ],
17 silly audit   '@unrs/resolver-binding-linux-riscv64-musl': [ '1.11.1' ],
17 silly audit   '@unrs/resolver-binding-linux-s390x-gnu': [ '1.11.1' ],
17 silly audit   '@unrs/resolver-binding-linux-x64-gnu': [ '1.11.1' ],
17 silly audit   '@unrs/resolver-binding-linux-x64-musl': [ '1.11.1' ],
17 silly audit   '@unrs/resolver-binding-wasm32-wasi': [ '1.11.1' ],
17 silly audit   '@unrs/resolver-binding-win32-arm64-msvc': [ '1.11.1' ],
17 silly audit   '@unrs/resolver-binding-win32-ia32-msvc': [ '1.11.1' ],
17 silly audit   '@unrs/resolver-binding-win32-x64-msvc': [ '1.11.1' ],
17 silly audit   acorn: [ '8.15.0' ],
17 silly audit   'acorn-jsx': [ '5.3.2' ],
17 silly audit   ajv: [ '6.12.6' ],
17 silly audit   animejs: [ '4.1.3' ],
17 silly audit   'ansi-styles': [ '4.3.0' ],
17 silly audit   argparse: [ '2.0.1' ],
17 silly audit   'aria-query': [ '5.3.2' ],
17 silly audit   'array-buffer-byte-length': [ '1.0.2' ],
17 silly audit   'array-includes': [ '3.1.9' ],
17 silly audit   'array.prototype.findlast': [ '1.2.5' ],
17 silly audit   'array.prototype.findlastindex': [ '1.2.6' ],
17 silly audit   'array.prototype.flat': [ '1.3.3' ],
17 silly audit   'array.prototype.flatmap': [ '1.3.3' ],
17 silly audit   'array.prototype.tosorted': [ '1.1.4' ],
17 silly audit   'arraybuffer.prototype.slice': [ '1.0.4' ],
17 silly audit   'ast-types-flow': [ '0.0.8' ],
17 silly audit   'async-function': [ '1.0.0' ],
17 silly audit   asynckit: [ '0.4.0' ],
17 silly audit   'available-typed-arrays': [ '1.0.7' ],
17 silly audit   'axe-core': [ '4.10.3' ],
17 silly audit   axios: [ '1.12.2' ],
17 silly audit   'axobject-query': [ '4.1.0' ],
17 silly audit   'balanced-match': [ '1.0.2' ],
17 silly audit   braces: [ '3.0.3' ],
17 silly audit   bson: [ '6.10.4' ],
17 silly audit   'call-bind': [ '1.0.8' ],
17 silly audit   'call-bind-apply-helpers': [ '1.0.2' ],
17 silly audit   'call-bound': [ '1.0.4' ],
17 silly audit   callsites: [ '3.1.0' ],
17 silly audit   'caniuse-lite': [ '1.0.30001733' ],
17 silly audit   chalk: [ '4.1.2' ],
17 silly audit   chownr: [ '3.0.0' ],
17 silly audit   'client-only': [ '0.0.1' ],
17 silly audit   clsx: [ '2.1.1' ],
17 silly audit   color: [ '4.2.3' ],
17 silly audit   'color-convert': [ '2.0.1' ],
17 silly audit   'color-name': [ '1.1.4' ],
17 silly audit   'color-string': [ '1.9.1' ],
17 silly audit   'combined-stream': [ '1.0.8' ],
17 silly audit   'concat-map': [ '0.0.1' ],
17 silly audit   cookie: [ '0.7.2' ],
17 silly audit   'cross-spawn': [ '7.0.6' ],
17 silly audit   csstype: [ '3.1.3' ],
17 silly audit   'damerau-levenshtein': [ '1.0.8' ],
17 silly audit   'data-view-buffer': [ '1.0.2' ],
17 silly audit   'data-view-byte-length': [ '1.0.2' ],
17 silly audit   'data-view-byte-offset': [ '1.0.1' ],
17 silly audit   debug: [ '4.4.1', '3.2.7' ],
17 silly audit   'deep-is': [ '0.1.4' ],
17 silly audit   'define-data-property': [ '1.1.4' ],
17 silly audit   'define-properties': [ '1.2.1' ],
17 silly audit   'delayed-stream': [ '1.0.0' ],
17 silly audit   'detect-libc': [ '2.0.4' ],
17 silly audit   doctrine: [ '2.1.0' ],
17 silly audit   'dunder-proto': [ '1.0.1' ],
17 silly audit   'emoji-regex': [ '9.2.2' ],
17 silly audit   'enhanced-resolve': [ '5.18.3' ],
17 silly audit   'es-abstract': [ '1.24.0' ],
17 silly audit   'es-define-property': [ '1.0.1' ],
17 silly audit   'es-errors': [ '1.3.0' ],
17 silly audit   'es-iterator-helpers': [ '1.2.1' ],
17 silly audit   'es-object-atoms': [ '1.1.1' ],
17 silly audit   'es-set-tostringtag': [ '2.1.0' ],
17 silly audit   'es-shim-unscopables': [ '1.1.0' ],
17 silly audit   'es-to-primitive': [ '1.3.0' ],
17 silly audit   'escape-string-regexp': [ '4.0.0' ],
17 silly audit   eslint: [ '9.32.0' ],
17 silly audit   'eslint-config-next': [ '15.4.6' ],
17 silly audit   'eslint-import-resolver-node': [ '0.3.9' ],
17 silly audit   'eslint-import-resolver-typescript': [ '3.10.1' ],
17 silly audit   'eslint-module-utils': [ '2.12.1' ],
17 silly audit   'eslint-plugin-import': [ '2.32.0' ],
17 silly audit   semver: [ '6.3.1', '7.7.2' ],
17 silly audit   'eslint-plugin-jsx-a11y': [ '6.10.2' ],
17 silly audit   'eslint-plugin-react': [ '7.37.5' ],
17 silly audit   'eslint-plugin-react-hooks': [ '5.2.0' ],
17 silly audit   resolve: [ '2.0.0-next.5', '1.22.10' ],
17 silly audit   'eslint-scope': [ '8.4.0' ],
17 silly audit   espree: [ '10.4.0' ],
17 silly audit   esquery: [ '1.6.0' ],
17 silly audit   esrecurse: [ '4.3.0' ],
17 silly audit   estraverse: [ '5.3.0' ],
17 silly audit   esutils: [ '2.0.3' ],
17 silly audit   'fast-deep-equal': [ '3.1.3' ],
17 silly audit   'fast-json-stable-stringify': [ '2.1.0' ],
17 silly audit   'fast-levenshtein': [ '2.0.6' ],
17 silly audit   fastq: [ '1.19.1' ],
17 silly audit   'file-entry-cache': [ '8.0.0' ],
17 silly audit   'fill-range': [ '7.1.1' ],
17 silly audit   'find-up': [ '5.0.0' ],
17 silly audit   'flat-cache': [ '4.0.1' ],
17 silly audit   flatted: [ '3.3.3' ],
17 silly audit   'follow-redirects': [ '1.15.11' ],
17 silly audit   'for-each': [ '0.3.5' ],
17 silly audit   'form-data': [ '4.0.4' ],
17 silly audit   'framer-motion': [ '12.23.12' ],
17 silly audit   'function-bind': [ '1.1.2' ],
17 silly audit   'function.prototype.name': [ '1.1.8' ],
17 silly audit   'functions-have-names': [ '1.2.3' ],
17 silly audit   'get-intrinsic': [ '1.3.0' ],
17 silly audit   'get-proto': [ '1.0.1' ],
17 silly audit   'get-symbol-description': [ '1.1.0' ],
17 silly audit   'get-tsconfig': [ '4.10.1' ],
17 silly audit   globals: [ '14.0.0' ],
17 silly audit   globalthis: [ '1.0.4' ],
17 silly audit   gopd: [ '1.2.0' ],
17 silly audit   'graceful-fs': [ '4.2.11' ],
17 silly audit   graphemer: [ '1.4.0' ],
17 silly audit   gsap: [ '3.13.0' ],
17 silly audit   'has-bigints': [ '1.1.0' ],
17 silly audit   'has-flag': [ '4.0.0' ],
17 silly audit   'has-property-descriptors': [ '1.0.2' ],
17 silly audit   'has-proto': [ '1.2.0' ],
17 silly audit   'has-symbols': [ '1.1.0' ],
17 silly audit   'has-tostringtag': [ '1.0.2' ],
17 silly audit   hasown: [ '2.0.2' ],
17 silly audit   'import-fresh': [ '3.3.1' ],
17 silly audit   imurmurhash: [ '0.1.4' ],
17 silly audit   'internal-slot': [ '1.1.0' ],
17 silly audit   'is-array-buffer': [ '3.0.5' ],
17 silly audit   'is-arrayish': [ '0.3.2' ],
17 silly audit   'is-async-function': [ '2.1.1' ],
17 silly audit   'is-bigint': [ '1.1.0' ],
17 silly audit   'is-boolean-object': [ '1.2.2' ],
17 silly audit   'is-bun-module': [ '2.0.0' ],
17 silly audit   'is-callable': [ '1.2.7' ],
17 silly audit   'is-core-module': [ '2.16.1' ],
17 silly audit   'is-data-view': [ '1.0.2' ],
17 silly audit   'is-date-object': [ '1.1.0' ],
17 silly audit   'is-extglob': [ '2.1.1' ],
17 silly audit   'is-finalizationregistry': [ '1.1.1' ],
17 silly audit   'is-generator-function': [ '1.1.0' ],
17 silly audit   'is-glob': [ '4.0.3' ],
17 silly audit   'is-map': [ '2.0.3' ],
17 silly audit   'is-negative-zero': [ '2.0.3' ],
17 silly audit   'is-number': [ '7.0.0' ],
17 silly audit   'is-number-object': [ '1.1.1' ],
17 silly audit   'is-regex': [ '1.2.1' ],
17 silly audit   'is-set': [ '2.0.3' ],
17 silly audit   'is-shared-array-buffer': [ '1.0.4' ],
17 silly audit   'is-string': [ '1.1.1' ],
17 silly audit   'is-symbol': [ '1.1.1' ],
17 silly audit   'is-typed-array': [ '1.1.15' ],
17 silly audit   'is-weakmap': [ '2.0.2' ],
17 silly audit   'is-weakref': [ '1.1.1' ],
17 silly audit   'is-weakset': [ '2.0.4' ],
17 silly audit   isarray: [ '2.0.5' ],
17 silly audit   isexe: [ '2.0.0' ],
17 silly audit   'iterator.prototype': [ '1.1.5' ],
17 silly audit   jiti: [ '2.5.1' ],
17 silly audit   jose: [ '4.15.9' ],
17 silly audit   'js-tokens': [ '4.0.0' ],
17 silly audit   'js-yaml': [ '4.1.0' ],
17 silly audit   'json-buffer': [ '3.0.1' ],
17 silly audit   'json-schema-traverse': [ '0.4.1' ],
17 silly audit   'json-stable-stringify-without-jsonify': [ '1.0.1' ],
17 silly audit   json5: [ '1.0.2' ],
17 silly audit   'jsx-ast-utils': [ '3.3.5' ],
17 silly audit   kareem: [ '2.6.3' ],
17 silly audit   keyv: [ '4.5.4' ],
17 silly audit   'language-subtag-registry': [ '0.3.23' ],
17 silly audit   'language-tags': [ '1.0.9' ],
17 silly audit   levn: [ '0.4.1' ],
17 silly audit   lightningcss: [ '1.30.1' ],
17 silly audit   'lightningcss-darwin-arm64': [ '1.30.1' ],
17 silly audit   'lightningcss-darwin-x64': [ '1.30.1' ],
17 silly audit   'lightningcss-freebsd-x64': [ '1.30.1' ],
17 silly audit   'lightningcss-linux-arm-gnueabihf': [ '1.30.1' ],
17 silly audit   'lightningcss-linux-arm64-gnu': [ '1.30.1' ],
17 silly audit   'lightningcss-linux-arm64-musl': [ '1.30.1' ],
17 silly audit   'lightningcss-linux-x64-gnu': [ '1.30.1' ],
17 silly audit   'lightningcss-linux-x64-musl': [ '1.30.1' ],
17 silly audit   'lightningcss-win32-arm64-msvc': [ '1.30.1' ],
17 silly audit   'lightningcss-win32-x64-msvc': [ '1.30.1' ],
17 silly audit   'locate-path': [ '6.0.0' ],
17 silly audit   'lodash.merge': [ '4.6.2' ],
17 silly audit   'loose-envify': [ '1.4.0' ],
17 silly audit   'lru-cache': [ '6.0.0' ],
17 silly audit   yallist: [ '4.0.0', '5.0.0' ],
17 silly audit   'lucide-react': [ '0.539.0' ],
17 silly audit   'magic-string': [ '0.30.17' ],
17 silly audit   'math-intrinsics': [ '1.1.0' ],
17 silly audit   'memory-pager': [ '1.5.0' ],
17 silly audit   merge2: [ '1.4.1' ],
17 silly audit   micromatch: [ '4.0.8' ],
17 silly audit   'mime-db': [ '1.52.0' ],
17 silly audit   'mime-types': [ '2.1.35' ],
17 silly audit   minimist: [ '1.2.8' ],
17 silly audit   minipass: [ '7.1.2' ],
17 silly audit   minizlib: [ '3.0.2' ],
17 silly audit   mkdirp: [ '3.0.1' ],
17 silly audit   mongodb: [ '6.18.0' ],
17 silly audit   'mongodb-connection-string-url': [ '3.0.2' ],
17 silly audit   mongoose: [ '8.18.2' ],
17 silly audit   'motion-dom': [ '12.23.12' ],
17 silly audit   'motion-utils': [ '12.23.6' ],
17 silly audit   mpath: [ '0.9.0' ],
17 silly audit   mquery: [ '5.0.0' ],
17 silly audit   ms: [ '2.1.3' ],
17 silly audit   nanoid: [ '3.3.11' ],
17 silly audit   'napi-postinstall': [ '0.3.2' ],
17 silly audit   'natural-compare': [ '1.4.0' ],
17 silly audit   next: [ '15.4.6' ],
17 silly audit   'next-auth': [ '4.24.11' ],
17 silly audit   uuid: [ '8.3.2', '13.0.0' ],
17 silly audit   postcss: [ '8.4.31', '8.5.6' ],
17 silly audit   oauth: [ '0.9.15' ],
17 silly audit   'object-assign': [ '4.1.1' ],
17 silly audit   'object-hash': [ '2.2.0' ],
17 silly audit   'object-inspect': [ '1.13.4' ],
17 silly audit   'object-keys': [ '1.1.1' ],
17 silly audit   'object.assign': [ '4.1.7' ],
17 silly audit   'object.entries': [ '1.1.9' ],
17 silly audit   'object.fromentries': [ '2.0.8' ],
17 silly audit   'object.groupby': [ '1.0.3' ],
17 silly audit   'object.values': [ '1.2.1' ],
17 silly audit   'oidc-token-hash': [ '5.1.1' ],
17 silly audit   'openid-client': [ '5.7.1' ],
17 silly audit   optionator: [ '0.9.4' ],
17 silly audit   'own-keys': [ '1.0.1' ],
17 silly audit   'p-limit': [ '3.1.0' ],
17 silly audit   'p-locate': [ '5.0.0' ],
17 silly audit   'parent-module': [ '1.0.1' ],
17 silly audit   'path-exists': [ '4.0.0' ],
17 silly audit   'path-key': [ '3.1.1' ],
17 silly audit   'path-parse': [ '1.0.7' ],
17 silly audit   picocolors: [ '1.1.1' ],
17 silly audit   picomatch: [ '2.3.1', '4.0.3' ],
17 silly audit   'possible-typed-array-names': [ '1.1.0' ],
17 silly audit   preact: [ '10.27.2' ],
17 silly audit   'preact-render-to-string': [ '5.2.6' ],
17 silly audit   'prelude-ls': [ '1.2.1' ],
17 silly audit   'pretty-format': [ '3.8.0' ],
17 silly audit   'prop-types': [ '15.8.1' ],
17 silly audit   'proxy-from-env': [ '1.1.0' ],
17 silly audit   punycode: [ '2.3.1' ],
17 silly audit   'queue-microtask': [ '1.2.3' ],
17 silly audit   react: [ '19.1.0' ],
17 silly audit   'react-dom': [ '19.1.0' ],
17 silly audit   'react-is': [ '16.13.1' ],
17 silly audit   'reflect.getprototypeof': [ '1.0.10' ],
17 silly audit   'regexp.prototype.flags': [ '1.5.4' ],
17 silly audit   'resolve-from': [ '4.0.0' ],
17 silly audit   'resolve-pkg-maps': [ '1.0.0' ],
17 silly audit   reusify: [ '1.1.0' ],
17 silly audit   'run-parallel': [ '1.2.0' ],
17 silly audit   'safe-array-concat': [ '1.1.3' ],
17 silly audit   'safe-push-apply': [ '1.0.0' ],
17 silly audit   'safe-regex-test': [ '1.1.0' ],
17 silly audit   scheduler: [ '0.26.0' ],
17 silly audit   'set-function-length': [ '1.2.2' ],
17 silly audit   'set-function-name': [ '2.0.2' ],
17 silly audit   'set-proto': [ '1.0.0' ],
17 silly audit   sharp: [ '0.34.3' ],
17 silly audit   'shebang-command': [ '2.0.0' ],
17 silly audit   'shebang-regex': [ '3.0.0' ],
17 silly audit   'side-channel': [ '1.1.0' ],
17 silly audit   'side-channel-list': [ '1.0.0' ],
17 silly audit   'side-channel-map': [ '1.0.1' ],
17 silly audit   'side-channel-weakmap': [ '1.0.2' ],
17 silly audit   sift: [ '17.1.3' ],
17 silly audit   'simple-swizzle': [ '0.2.2' ],
17 silly audit   'source-map-js': [ '1.2.1' ],
17 silly audit   'sparse-bitfield': [ '3.0.3' ],
17 silly audit   'stable-hash': [ '0.0.5' ],
17 silly audit   'stop-iteration-iterator': [ '1.1.0' ],
17 silly audit   'string.prototype.includes': [ '2.0.1' ],
17 silly audit   'string.prototype.matchall': [ '4.0.12' ],
17 silly audit   'string.prototype.repeat': [ '1.0.0' ],
17 silly audit   'string.prototype.trim': [ '1.2.10' ],
17 silly audit   'string.prototype.trimend': [ '1.0.9' ],
17 silly audit   'string.prototype.trimstart': [ '1.0.8' ],
17 silly audit   'strip-bom': [ '3.0.0' ],
17 silly audit   'strip-json-comments': [ '3.1.1' ],
17 silly audit   'styled-jsx': [ '5.1.6' ],
17 silly audit   'supports-color': [ '7.2.0' ],
17 silly audit   'supports-preserve-symlinks-flag': [ '1.0.0' ],
17 silly audit   tabbable: [ '6.2.0' ],
17 silly audit   tailwindcss: [ '4.1.11' ],
17 silly audit   tapable: [ '2.2.2' ],
17 silly audit   tar: [ '7.4.3' ],
17 silly audit   tinyglobby: [ '0.2.14' ],
17 silly audit   fdir: [ '6.4.6' ],
17 silly audit   'to-regex-range': [ '5.0.1' ],
17 silly audit   tr46: [ '5.1.1' ],
17 silly audit   'ts-api-utils': [ '2.1.0' ],
17 silly audit   'tsconfig-paths': [ '3.15.0' ],
17 silly audit   tslib: [ '2.8.1' ],
17 silly audit   'type-check': [ '0.4.0' ],
17 silly audit   'typed-array-buffer': [ '1.0.3' ],
17 silly audit   'typed-array-byte-length': [ '1.0.3' ],
17 silly audit   'typed-array-byte-offset': [ '1.0.4' ],
17 silly audit   'typed-array-length': [ '1.0.7' ],
17 silly audit   typescript: [ '5.9.2' ],
17 silly audit   'unbox-primitive': [ '1.1.0' ],
17 silly audit   'undici-types': [ '6.21.0' ],
17 silly audit   'unrs-resolver': [ '1.11.1' ],
17 silly audit   'uri-js': [ '4.4.1' ],
17 silly audit   'webidl-conversions': [ '7.0.0' ],
17 silly audit   'whatwg-url': [ '14.2.0' ],
17 silly audit   which: [ '2.0.2' ],
17 silly audit   'which-boxed-primitive': [ '1.1.1' ],
17 silly audit   'which-builtin-type': [ '1.2.1' ],
17 silly audit   'which-collection': [ '1.0.2' ],
17 silly audit   'which-typed-array': [ '1.1.19' ],
17 silly audit   'word-wrap': [ '1.2.5' ],
17 silly audit   'yocto-queue': [ '0.1.0' ],
17 silly audit   '@tailwindcss/oxide-wasm32-wasi': [ '4.1.11' ]
17 silly audit }
18 verbose reify failed optional dependency /Users/aviralgarg/Downloads/wayweb/node_modules/lightningcss-win32-x64-msvc
19 silly reify mark deleted [
19 silly reify   '/Users/aviralgarg/Downloads/wayweb/node_modules/lightningcss-win32-x64-msvc'
19 silly reify ]
20 verbose reify failed optional dependency /Users/aviralgarg/Downloads/wayweb/node_modules/lightningcss-win32-arm64-msvc
21 silly reify mark deleted [
21 silly reify   '/Users/aviralgarg/Downloads/wayweb/node_modules/lightningcss-win32-arm64-msvc'
21 silly reify ]
22 verbose reify failed optional dependency /Users/aviralgarg/Downloads/wayweb/node_modules/lightningcss-linux-x64-musl
23 silly reify mark deleted [
23 silly reify   '/Users/aviralgarg/Downloads/wayweb/node_modules/lightningcss-linux-x64-musl'
23 silly reify ]
24 verbose reify failed optional dependency /Users/aviralgarg/Downloads/wayweb/node_modules/lightningcss-linux-x64-gnu
25 silly reify mark deleted [
25 silly reify   '/Users/aviralgarg/Downloads/wayweb/node_modules/lightningcss-linux-x64-gnu'
25 silly reify ]
26 verbose reify failed optional dependency /Users/aviralgarg/Downloads/wayweb/node_modules/lightningcss-linux-arm64-musl
27 silly reify mark deleted [
27 silly reify   '/Users/aviralgarg/Downloads/wayweb/node_modules/lightningcss-linux-arm64-musl'
27 silly reify ]
28 verbose reify failed optional dependency /Users/aviralgarg/Downloads/wayweb/node_modules/lightningcss-linux-arm64-gnu
29 silly reify mark deleted [
29 silly reify   '/Users/aviralgarg/Downloads/wayweb/node_modules/lightningcss-linux-arm64-gnu'
29 silly reify ]
30 verbose reify failed optional dependency /Users/aviralgarg/Downloads/wayweb/node_modules/lightningcss-linux-arm-gnueabihf
31 silly reify mark deleted [
31 silly reify   '/Users/aviralgarg/Downloads/wayweb/node_modules/lightningcss-linux-arm-gnueabihf'
31 silly reify ]
32 verbose reify failed optional dependency /Users/aviralgarg/Downloads/wayweb/node_modules/lightningcss-freebsd-x64
33 silly reify mark deleted [
33 silly reify   '/Users/aviralgarg/Downloads/wayweb/node_modules/lightningcss-freebsd-x64'
33 silly reify ]
34 verbose reify failed optional dependency /Users/aviralgarg/Downloads/wayweb/node_modules/lightningcss-darwin-x64
35 silly reify mark deleted [
35 silly reify   '/Users/aviralgarg/Downloads/wayweb/node_modules/lightningcss-darwin-x64'
35 silly reify ]
36 verbose reify failed optional dependency /Users/aviralgarg/Downloads/wayweb/node_modules/@unrs/resolver-binding-win32-x64-msvc
37 silly reify mark deleted [
37 silly reify   '/Users/aviralgarg/Downloads/wayweb/node_modules/@unrs/resolver-binding-win32-x64-msvc'
37 silly reify ]
38 verbose reify failed optional dependency /Users/aviralgarg/Downloads/wayweb/node_modules/@unrs/resolver-binding-win32-ia32-msvc
39 silly reify mark deleted [
39 silly reify   '/Users/aviralgarg/Downloads/wayweb/node_modules/@unrs/resolver-binding-win32-ia32-msvc'
39 silly reify ]
40 verbose reify failed optional dependency /Users/aviralgarg/Downloads/wayweb/node_modules/@unrs/resolver-binding-win32-arm64-msvc
41 silly reify mark deleted [
41 silly reify   '/Users/aviralgarg/Downloads/wayweb/node_modules/@unrs/resolver-binding-win32-arm64-msvc'
41 silly reify ]
42 verbose reify failed optional dependency /Users/aviralgarg/Downloads/wayweb/node_modules/@unrs/resolver-binding-wasm32-wasi
43 silly reify mark deleted [
43 silly reify   '/Users/aviralgarg/Downloads/wayweb/node_modules/@unrs/resolver-binding-wasm32-wasi'
43 silly reify ]
44 verbose reify failed optional dependency /Users/aviralgarg/Downloads/wayweb/node_modules/@unrs/resolver-binding-linux-x64-musl
45 silly reify mark deleted [
45 silly reify   '/Users/aviralgarg/Downloads/wayweb/node_modules/@unrs/resolver-binding-linux-x64-musl'
45 silly reify ]
46 verbose reify failed optional dependency /Users/aviralgarg/Downloads/wayweb/node_modules/@unrs/resolver-binding-linux-x64-gnu
47 silly reify mark deleted [
47 silly reify   '/Users/aviralgarg/Downloads/wayweb/node_modules/@unrs/resolver-binding-linux-x64-gnu'
47 silly reify ]
48 verbose reify failed optional dependency /Users/aviralgarg/Downloads/wayweb/node_modules/@unrs/resolver-binding-linux-s390x-gnu
49 silly reify mark deleted [
49 silly reify   '/Users/aviralgarg/Downloads/wayweb/node_modules/@unrs/resolver-binding-linux-s390x-gnu'
49 silly reify ]
50 verbose reify failed optional dependency /Users/aviralgarg/Downloads/wayweb/node_modules/@unrs/resolver-binding-linux-riscv64-musl
51 silly reify mark deleted [
51 silly reify   '/Users/aviralgarg/Downloads/wayweb/node_modules/@unrs/resolver-binding-linux-riscv64-musl'
51 silly reify ]
52 verbose reify failed optional dependency /Users/aviralgarg/Downloads/wayweb/node_modules/@unrs/resolver-binding-linux-riscv64-gnu
53 silly reify mark deleted [
53 silly reify   '/Users/aviralgarg/Downloads/wayweb/node_modules/@unrs/resolver-binding-linux-riscv64-gnu'
53 silly reify ]
54 verbose reify failed optional dependency /Users/aviralgarg/Downloads/wayweb/node_modules/@unrs/resolver-binding-linux-ppc64-gnu
55 silly reify mark deleted [
55 silly reify   '/Users/aviralgarg/Downloads/wayweb/node_modules/@unrs/resolver-binding-linux-ppc64-gnu'
55 silly reify ]
56 verbose reify failed optional dependency /Users/aviralgarg/Downloads/wayweb/node_modules/@unrs/resolver-binding-linux-arm64-musl
57 silly reify mark deleted [
57 silly reify   '/Users/aviralgarg/Downloads/wayweb/node_modules/@unrs/resolver-binding-linux-arm64-musl'
57 silly reify ]
58 verbose reify failed optional dependency /Users/aviralgarg/Downloads/wayweb/node_modules/@unrs/resolver-binding-linux-arm64-gnu
59 silly reify mark deleted [
59 silly reify   '/Users/aviralgarg/Downloads/wayweb/node_modules/@unrs/resolver-binding-linux-arm64-gnu'
59 silly reify ]
60 verbose reify failed optional dependency /Users/aviralgarg/Downloads/wayweb/node_modules/@unrs/resolver-binding-linux-arm-musleabihf
61 silly reify mark deleted [
61 silly reify   '/Users/aviralgarg/Downloads/wayweb/node_modules/@unrs/resolver-binding-linux-arm-musleabihf'
61 silly reify ]
62 verbose reify failed optional dependency /Users/aviralgarg/Downloads/wayweb/node_modules/@unrs/resolver-binding-linux-arm-gnueabihf
63 silly reify mark deleted [
63 silly reify   '/Users/aviralgarg/Downloads/wayweb/node_modules/@unrs/resolver-binding-linux-arm-gnueabihf'
63 silly reify ]
64 verbose reify failed optional dependency /Users/aviralgarg/Downloads/wayweb/node_modules/@unrs/resolver-binding-freebsd-x64
65 silly reify mark deleted [
65 silly reify   '/Users/aviralgarg/Downloads/wayweb/node_modules/@unrs/resolver-binding-freebsd-x64'
65 silly reify ]
66 verbose reify failed optional dependency /Users/aviralgarg/Downloads/wayweb/node_modules/@unrs/resolver-binding-darwin-x64
67 silly reify mark deleted [
67 silly reify   '/Users/aviralgarg/Downloads/wayweb/node_modules/@unrs/resolver-binding-darwin-x64'
67 silly reify ]
68 verbose reify failed optional dependency /Users/aviralgarg/Downloads/wayweb/node_modules/@unrs/resolver-binding-android-arm64
69 silly reify mark deleted [
69 silly reify   '/Users/aviralgarg/Downloads/wayweb/node_modules/@unrs/resolver-binding-android-arm64'
69 silly reify ]
70 verbose reify failed optional dependency /Users/aviralgarg/Downloads/wayweb/node_modules/@unrs/resolver-binding-android-arm-eabi
71 silly reify mark deleted [
71 silly reify   '/Users/aviralgarg/Downloads/wayweb/node_modules/@unrs/resolver-binding-android-arm-eabi'
71 silly reify ]
72 verbose reify failed optional dependency /Users/aviralgarg/Downloads/wayweb/node_modules/@tailwindcss/oxide-win32-x64-msvc
73 silly reify mark deleted [
73 silly reify   '/Users/aviralgarg/Downloads/wayweb/node_modules/@tailwindcss/oxide-win32-x64-msvc'
73 silly reify ]
74 verbose reify failed optional dependency /Users/aviralgarg/Downloads/wayweb/node_modules/@tailwindcss/oxide-win32-arm64-msvc
75 silly reify mark deleted [
75 silly reify   '/Users/aviralgarg/Downloads/wayweb/node_modules/@tailwindcss/oxide-win32-arm64-msvc'
75 silly reify ]
76 verbose reify failed optional dependency /Users/aviralgarg/Downloads/wayweb/node_modules/@tailwindcss/oxide-linux-x64-musl
77 silly reify mark deleted [
77 silly reify   '/Users/aviralgarg/Downloads/wayweb/node_modules/@tailwindcss/oxide-linux-x64-musl'
77 silly reify ]
78 verbose reify failed optional dependency /Users/aviralgarg/Downloads/wayweb/node_modules/@tailwindcss/oxide-linux-x64-gnu
79 silly reify mark deleted [
79 silly reify   '/Users/aviralgarg/Downloads/wayweb/node_modules/@tailwindcss/oxide-linux-x64-gnu'
79 silly reify ]
80 verbose reify failed optional dependency /Users/aviralgarg/Downloads/wayweb/node_modules/@tailwindcss/oxide-linux-arm64-musl
81 silly reify mark deleted [
81 silly reify   '/Users/aviralgarg/Downloads/wayweb/node_modules/@tailwindcss/oxide-linux-arm64-musl'
81 silly reify ]
82 verbose reify failed optional dependency /Users/aviralgarg/Downloads/wayweb/node_modules/@tailwindcss/oxide-linux-arm64-gnu
83 silly reify mark deleted [
83 silly reify   '/Users/aviralgarg/Downloads/wayweb/node_modules/@tailwindcss/oxide-linux-arm64-gnu'
83 silly reify ]
84 verbose reify failed optional dependency /Users/aviralgarg/Downloads/wayweb/node_modules/@tailwindcss/oxide-linux-arm-gnueabihf
85 silly reify mark deleted [
85 silly reify   '/Users/aviralgarg/Downloads/wayweb/node_modules/@tailwindcss/oxide-linux-arm-gnueabihf'
85 silly reify ]
86 verbose reify failed optional dependency /Users/aviralgarg/Downloads/wayweb/node_modules/@tailwindcss/oxide-freebsd-x64
87 silly reify mark deleted [
87 silly reify   '/Users/aviralgarg/Downloads/wayweb/node_modules/@tailwindcss/oxide-freebsd-x64'
87 silly reify ]
88 verbose reify failed optional dependency /Users/aviralgarg/Downloads/wayweb/node_modules/@tailwindcss/oxide-darwin-x64
89 silly reify mark deleted [
89 silly reify   '/Users/aviralgarg/Downloads/wayweb/node_modules/@tailwindcss/oxide-darwin-x64'
89 silly reify ]
90 verbose reify failed optional dependency /Users/aviralgarg/Downloads/wayweb/node_modules/@tailwindcss/oxide-android-arm64
91 silly reify mark deleted [
91 silly reify   '/Users/aviralgarg/Downloads/wayweb/node_modules/@tailwindcss/oxide-android-arm64'
91 silly reify ]
92 verbose reify failed optional dependency /Users/aviralgarg/Downloads/wayweb/node_modules/@next/swc-win32-x64-msvc
93 silly reify mark deleted [
93 silly reify   '/Users/aviralgarg/Downloads/wayweb/node_modules/@next/swc-win32-x64-msvc'
93 silly reify ]
94 verbose reify failed optional dependency /Users/aviralgarg/Downloads/wayweb/node_modules/@next/swc-win32-arm64-msvc
95 silly reify mark deleted [
95 silly reify   '/Users/aviralgarg/Downloads/wayweb/node_modules/@next/swc-win32-arm64-msvc'
95 silly reify ]
96 verbose reify failed optional dependency /Users/aviralgarg/Downloads/wayweb/node_modules/@next/swc-linux-x64-musl
97 silly reify mark deleted [
97 silly reify   '/Users/aviralgarg/Downloads/wayweb/node_modules/@next/swc-linux-x64-musl'
97 silly reify ]
98 verbose reify failed optional dependency /Users/aviralgarg/Downloads/wayweb/node_modules/@next/swc-linux-x64-gnu
99 silly reify mark deleted [
99 silly reify   '/Users/aviralgarg/Downloads/wayweb/node_modules/@next/swc-linux-x64-gnu'
99 silly reify ]
100 verbose reify failed optional dependency /Users/aviralgarg/Downloads/wayweb/node_modules/@next/swc-linux-arm64-musl
101 silly reify mark deleted [
101 silly reify   '/Users/aviralgarg/Downloads/wayweb/node_modules/@next/swc-linux-arm64-musl'
101 silly reify ]
102 verbose reify failed optional dependency /Users/aviralgarg/Downloads/wayweb/node_modules/@next/swc-linux-arm64-gnu
103 silly reify mark deleted [
103 silly reify   '/Users/aviralgarg/Downloads/wayweb/node_modules/@next/swc-linux-arm64-gnu'
103 silly reify ]
104 verbose reify failed optional dependency /Users/aviralgarg/Downloads/wayweb/node_modules/@next/swc-darwin-x64
105 silly reify mark deleted [
105 silly reify   '/Users/aviralgarg/Downloads/wayweb/node_modules/@next/swc-darwin-x64'
105 silly reify ]
106 verbose reify failed optional dependency /Users/aviralgarg/Downloads/wayweb/node_modules/@img/sharp-win32-x64
107 silly reify mark deleted [
107 silly reify   '/Users/aviralgarg/Downloads/wayweb/node_modules/@img/sharp-win32-x64'
107 silly reify ]
108 verbose reify failed optional dependency /Users/aviralgarg/Downloads/wayweb/node_modules/@img/sharp-win32-ia32
109 silly reify mark deleted [
109 silly reify   '/Users/aviralgarg/Downloads/wayweb/node_modules/@img/sharp-win32-ia32'
109 silly reify ]
110 verbose reify failed optional dependency /Users/aviralgarg/Downloads/wayweb/node_modules/@img/sharp-win32-arm64
111 silly reify mark deleted [
111 silly reify   '/Users/aviralgarg/Downloads/wayweb/node_modules/@img/sharp-win32-arm64'
111 silly reify ]
112 verbose reify failed optional dependency /Users/aviralgarg/Downloads/wayweb/node_modules/@img/sharp-wasm32
113 silly reify mark deleted [ '/Users/aviralgarg/Downloads/wayweb/node_modules/@img/sharp-wasm32' ]
114 verbose reify failed optional dependency /Users/aviralgarg/Downloads/wayweb/node_modules/@img/sharp-linuxmusl-x64
115 silly reify mark deleted [
115 silly reify   '/Users/aviralgarg/Downloads/wayweb/node_modules/@img/sharp-linuxmusl-x64'
115 silly reify ]
116 verbose reify failed optional dependency /Users/aviralgarg/Downloads/wayweb/node_modules/@img/sharp-linuxmusl-arm64
117 silly reify mark deleted [
117 silly reify   '/Users/aviralgarg/Downloads/wayweb/node_modules/@img/sharp-linuxmusl-arm64'
117 silly reify ]
118 verbose reify failed optional dependency /Users/aviralgarg/Downloads/wayweb/node_modules/@img/sharp-linux-x64
119 silly reify mark deleted [
119 silly reify   '/Users/aviralgarg/Downloads/wayweb/node_modules/@img/sharp-linux-x64'
119 silly reify ]
120 verbose reify failed optional dependency /Users/aviralgarg/Downloads/wayweb/node_modules/@img/sharp-linux-s390x
121 silly reify mark deleted [
121 silly reify   '/Users/aviralgarg/Downloads/wayweb/node_modules/@img/sharp-linux-s390x'
121 silly reify ]
122 verbose reify failed optional dependency /Users/aviralgarg/Downloads/wayweb/node_modules/@img/sharp-linux-ppc64
123 silly reify mark deleted [
123 silly reify   '/Users/aviralgarg/Downloads/wayweb/node_modules/@img/sharp-linux-ppc64'
123 silly reify ]
124 verbose reify failed optional dependency /Users/aviralgarg/Downloads/wayweb/node_modules/@img/sharp-linux-arm64
125 silly reify mark deleted [
125 silly reify   '/Users/aviralgarg/Downloads/wayweb/node_modules/@img/sharp-linux-arm64'
125 silly reify ]
126 verbose reify failed optional dependency /Users/aviralgarg/Downloads/wayweb/node_modules/@img/sharp-linux-arm
127 silly reify mark deleted [
127 silly reify   '/Users/aviralgarg/Downloads/wayweb/node_modules/@img/sharp-linux-arm'
127 silly reify ]
128 verbose reify failed optional dependency /Users/aviralgarg/Downloads/wayweb/node_modules/@img/sharp-libvips-linuxmusl-x64
129 silly reify mark deleted [
129 silly reify   '/Users/aviralgarg/Downloads/wayweb/node_modules/@img/sharp-libvips-linuxmusl-x64'
129 silly reify ]
130 verbose reify failed optional dependency /Users/aviralgarg/Downloads/wayweb/node_modules/@img/sharp-libvips-linuxmusl-arm64
131 silly reify mark deleted [
131 silly reify   '/Users/aviralgarg/Downloads/wayweb/node_modules/@img/sharp-libvips-linuxmusl-arm64'
131 silly reify ]
132 verbose reify failed optional dependency /Users/aviralgarg/Downloads/wayweb/node_modules/@img/sharp-libvips-linux-x64
133 silly reify mark deleted [
133 silly reify   '/Users/aviralgarg/Downloads/wayweb/node_modules/@img/sharp-libvips-linux-x64'
133 silly reify ]
134 verbose reify failed optional dependency /Users/aviralgarg/Downloads/wayweb/node_modules/@img/sharp-libvips-linux-s390x
135 silly reify mark deleted [
135 silly reify   '/Users/aviralgarg/Downloads/wayweb/node_modules/@img/sharp-libvips-linux-s390x'
135 silly reify ]
136 verbose reify failed optional dependency /Users/aviralgarg/Downloads/wayweb/node_modules/@img/sharp-libvips-linux-ppc64
137 silly reify mark deleted [
137 silly reify   '/Users/aviralgarg/Downloads/wayweb/node_modules/@img/sharp-libvips-linux-ppc64'
137 silly reify ]
138 verbose reify failed optional dependency /Users/aviralgarg/Downloads/wayweb/node_modules/@img/sharp-libvips-linux-arm64
139 silly reify mark deleted [
139 silly reify   '/Users/aviralgarg/Downloads/wayweb/node_modules/@img/sharp-libvips-linux-arm64'
139 silly reify ]
140 verbose reify failed optional dependency /Users/aviralgarg/Downloads/wayweb/node_modules/@img/sharp-libvips-linux-arm
141 silly reify mark deleted [
141 silly reify   '/Users/aviralgarg/Downloads/wayweb/node_modules/@img/sharp-libvips-linux-arm'
141 silly reify ]
142 verbose reify failed optional dependency /Users/aviralgarg/Downloads/wayweb/node_modules/@img/sharp-libvips-darwin-x64
143 silly reify mark deleted [
143 silly reify   '/Users/aviralgarg/Downloads/wayweb/node_modules/@img/sharp-libvips-darwin-x64'
143 silly reify ]
144 verbose reify failed optional dependency /Users/aviralgarg/Downloads/wayweb/node_modules/@img/sharp-darwin-x64
145 silly reify mark deleted [
145 silly reify   '/Users/aviralgarg/Downloads/wayweb/node_modules/@img/sharp-darwin-x64'
145 silly reify ]
146 http cache yocto-queue@https://registry.npmjs.org/yocto-queue/-/yocto-queue-0.1.0.tgz 1ms (cache hit)
147 http cache which-typed-array@https://registry.npmjs.org/which-typed-array/-/which-typed-array-1.1.19.tgz 0ms (cache hit)
148 http cache which-collection@https://registry.npmjs.org/which-collection/-/which-collection-1.0.2.tgz 0ms (cache hit)
149 http cache which-builtin-type@https://registry.npmjs.org/which-builtin-type/-/which-builtin-type-1.2.1.tgz 0ms (cache hit)
150 http cache which@https://registry.npmjs.org/which/-/which-2.0.2.tgz 0ms (cache hit)
151 http cache whatwg-url@https://registry.npmjs.org/whatwg-url/-/whatwg-url-14.2.0.tgz 0ms (cache hit)
152 http cache which-boxed-primitive@https://registry.npmjs.org/which-boxed-primitive/-/which-boxed-primitive-1.1.1.tgz 0ms (cache hit)
153 http cache webidl-conversions@https://registry.npmjs.org/webidl-conversions/-/webidl-conversions-7.0.0.tgz 0ms (cache hit)
154 http cache yallist@https://registry.npmjs.org/yallist/-/yallist-5.0.0.tgz 0ms (cache hit)
155 http cache uri-js@https://registry.npmjs.org/uri-js/-/uri-js-4.4.1.tgz 0ms (cache hit)
156 http cache uuid@https://registry.npmjs.org/uuid/-/uuid-13.0.0.tgz 0ms (cache hit)
157 http cache typescript@https://registry.npmjs.org/typescript/-/typescript-5.9.2.tgz 0ms (cache hit)
158 http cache unrs-resolver@https://registry.npmjs.org/unrs-resolver/-/unrs-resolver-1.11.1.tgz 0ms (cache hit)
159 http cache word-wrap@https://registry.npmjs.org/word-wrap/-/word-wrap-1.2.5.tgz 0ms (cache hit)
160 http cache typed-array-length@https://registry.npmjs.org/typed-array-length/-/typed-array-length-1.0.7.tgz 0ms (cache hit)
161 http cache type-check@https://registry.npmjs.org/type-check/-/type-check-0.4.0.tgz 0ms (cache hit)
162 http cache tslib@https://registry.npmjs.org/tslib/-/tslib-2.8.1.tgz 0ms (cache hit)
163 http cache typed-array-byte-offset@https://registry.npmjs.org/typed-array-byte-offset/-/typed-array-byte-offset-1.0.4.tgz 0ms (cache hit)
164 http cache undici-types@https://registry.npmjs.org/undici-types/-/undici-types-6.21.0.tgz 0ms (cache hit)
165 http cache tsconfig-paths@https://registry.npmjs.org/tsconfig-paths/-/tsconfig-paths-3.15.0.tgz 0ms (cache hit)
166 http cache typed-array-buffer@https://registry.npmjs.org/typed-array-buffer/-/typed-array-buffer-1.0.3.tgz 0ms (cache hit)
167 http cache unbox-primitive@https://registry.npmjs.org/unbox-primitive/-/unbox-primitive-1.1.0.tgz 0ms (cache hit)
168 http cache tr46@https://registry.npmjs.org/tr46/-/tr46-5.1.1.tgz 0ms (cache hit)
169 http cache typed-array-byte-length@https://registry.npmjs.org/typed-array-byte-length/-/typed-array-byte-length-1.0.3.tgz 0ms (cache hit)
170 http cache ts-api-utils@https://registry.npmjs.org/ts-api-utils/-/ts-api-utils-2.1.0.tgz 0ms (cache hit)
171 http cache to-regex-range@https://registry.npmjs.org/to-regex-range/-/to-regex-range-5.0.1.tgz 0ms (cache hit)
172 http cache tinyglobby@https://registry.npmjs.org/tinyglobby/-/tinyglobby-0.2.14.tgz 0ms (cache hit)
173 http cache tapable@https://registry.npmjs.org/tapable/-/tapable-2.2.2.tgz 0ms (cache hit)
174 http cache tar@https://registry.npmjs.org/tar/-/tar-7.4.3.tgz 0ms (cache hit)
175 http cache tabbable@https://registry.npmjs.org/tabbable/-/tabbable-6.2.0.tgz 0ms (cache hit)
176 http cache tailwindcss@https://registry.npmjs.org/tailwindcss/-/tailwindcss-4.1.11.tgz 0ms (cache hit)
177 http cache supports-color@https://registry.npmjs.org/supports-color/-/supports-color-7.2.0.tgz 0ms (cache hit)
178 http cache styled-jsx@https://registry.npmjs.org/styled-jsx/-/styled-jsx-5.1.6.tgz 0ms (cache hit)
179 http cache strip-json-comments@https://registry.npmjs.org/strip-json-comments/-/strip-json-comments-3.1.1.tgz 0ms (cache hit)
180 http cache supports-preserve-symlinks-flag@https://registry.npmjs.org/supports-preserve-symlinks-flag/-/supports-preserve-symlinks-flag-1.0.0.tgz 0ms (cache hit)
181 http cache strip-bom@https://registry.npmjs.org/strip-bom/-/strip-bom-3.0.0.tgz 0ms (cache hit)
182 http cache string.prototype.repeat@https://registry.npmjs.org/string.prototype.repeat/-/string.prototype.repeat-1.0.0.tgz 0ms (cache hit)
183 http cache string.prototype.trimend@https://registry.npmjs.org/string.prototype.trimend/-/string.prototype.trimend-1.0.9.tgz 0ms (cache hit)
184 http cache string.prototype.trim@https://registry.npmjs.org/string.prototype.trim/-/string.prototype.trim-1.2.10.tgz 0ms (cache hit)
185 http cache string.prototype.matchall@https://registry.npmjs.org/string.prototype.matchall/-/string.prototype.matchall-4.0.12.tgz 0ms (cache hit)
186 http cache string.prototype.includes@https://registry.npmjs.org/string.prototype.includes/-/string.prototype.includes-2.0.1.tgz 0ms (cache hit)
187 http cache stop-iteration-iterator@https://registry.npmjs.org/stop-iteration-iterator/-/stop-iteration-iterator-1.1.0.tgz 0ms (cache hit)
188 http cache sparse-bitfield@https://registry.npmjs.org/sparse-bitfield/-/sparse-bitfield-3.0.3.tgz 0ms (cache hit)
189 http cache stable-hash@https://registry.npmjs.org/stable-hash/-/stable-hash-0.0.5.tgz 0ms (cache hit)
190 http cache string.prototype.trimstart@https://registry.npmjs.org/string.prototype.trimstart/-/string.prototype.trimstart-1.0.8.tgz 0ms (cache hit)
191 http cache source-map-js@https://registry.npmjs.org/source-map-js/-/source-map-js-1.2.1.tgz 0ms (cache hit)
192 http cache simple-swizzle@https://registry.npmjs.org/simple-swizzle/-/simple-swizzle-0.2.2.tgz 0ms (cache hit)
193 http cache side-channel-list@https://registry.npmjs.org/side-channel-list/-/side-channel-list-1.0.0.tgz 0ms (cache hit)
194 http cache side-channel-weakmap@https://registry.npmjs.org/side-channel-weakmap/-/side-channel-weakmap-1.0.2.tgz 0ms (cache hit)
195 http cache side-channel@https://registry.npmjs.org/side-channel/-/side-channel-1.1.0.tgz 0ms (cache hit)
196 http cache side-channel-map@https://registry.npmjs.org/side-channel-map/-/side-channel-map-1.0.1.tgz 0ms (cache hit)
197 http cache shebang-regex@https://registry.npmjs.org/shebang-regex/-/shebang-regex-3.0.0.tgz 0ms (cache hit)
198 http cache sharp@https://registry.npmjs.org/sharp/-/sharp-0.34.3.tgz 0ms (cache hit)
199 http cache shebang-command@https://registry.npmjs.org/shebang-command/-/shebang-command-2.0.0.tgz 0ms (cache hit)
200 http cache set-proto@https://registry.npmjs.org/set-proto/-/set-proto-1.0.0.tgz 0ms (cache hit)
201 http cache set-function-name@https://registry.npmjs.org/set-function-name/-/set-function-name-2.0.2.tgz 0ms (cache hit)
202 http cache semver@https://registry.npmjs.org/semver/-/semver-7.7.2.tgz 0ms (cache hit)
203 http cache set-function-length@https://registry.npmjs.org/set-function-length/-/set-function-length-1.2.2.tgz 0ms (cache hit)
204 http cache scheduler@https://registry.npmjs.org/scheduler/-/scheduler-0.26.0.tgz 0ms (cache hit)
205 http cache safe-regex-test@https://registry.npmjs.org/safe-regex-test/-/safe-regex-test-1.1.0.tgz 0ms (cache hit)
206 http cache safe-push-apply@https://registry.npmjs.org/safe-push-apply/-/safe-push-apply-1.0.0.tgz 0ms (cache hit)
207 http cache safe-array-concat@https://registry.npmjs.org/safe-array-concat/-/safe-array-concat-1.1.3.tgz 0ms (cache hit)
208 http cache run-parallel@https://registry.npmjs.org/run-parallel/-/run-parallel-1.2.0.tgz 0ms (cache hit)
209 http cache reusify@https://registry.npmjs.org/reusify/-/reusify-1.1.0.tgz 0ms (cache hit)
210 http cache resolve-from@https://registry.npmjs.org/resolve-from/-/resolve-from-4.0.0.tgz 0ms (cache hit)
211 http cache resolve-pkg-maps@https://registry.npmjs.org/resolve-pkg-maps/-/resolve-pkg-maps-1.0.0.tgz 0ms (cache hit)
212 http cache reflect.getprototypeof@https://registry.npmjs.org/reflect.getprototypeof/-/reflect.getprototypeof-1.0.10.tgz 0ms (cache hit)
213 http cache react-dom@https://registry.npmjs.org/react-dom/-/react-dom-19.1.0.tgz 0ms (cache hit)
214 http cache react-is@https://registry.npmjs.org/react-is/-/react-is-16.13.1.tgz 0ms (cache hit)
215 http cache resolve@https://registry.npmjs.org/resolve/-/resolve-1.22.10.tgz 0ms (cache hit)
216 http cache regexp.prototype.flags@https://registry.npmjs.org/regexp.prototype.flags/-/regexp.prototype.flags-1.5.4.tgz 0ms (cache hit)
217 http cache sift@https://registry.npmjs.org/sift/-/sift-17.1.3.tgz 0ms (cache hit)
218 http cache punycode@https://registry.npmjs.org/punycode/-/punycode-2.3.1.tgz 0ms (cache hit)
219 http cache queue-microtask@https://registry.npmjs.org/queue-microtask/-/queue-microtask-1.2.3.tgz 0ms (cache hit)
220 http cache prelude-ls@https://registry.npmjs.org/prelude-ls/-/prelude-ls-1.2.1.tgz 0ms (cache hit)
221 http cache react@https://registry.npmjs.org/react/-/react-19.1.0.tgz 0ms (cache hit)
222 http cache pretty-format@https://registry.npmjs.org/pretty-format/-/pretty-format-3.8.0.tgz 0ms (cache hit)
223 http cache preact-render-to-string@https://registry.npmjs.org/preact-render-to-string/-/preact-render-to-string-5.2.6.tgz 0ms (cache hit)
224 http cache prop-types@https://registry.npmjs.org/prop-types/-/prop-types-15.8.1.tgz 0ms (cache hit)
225 http cache postcss@https://registry.npmjs.org/postcss/-/postcss-8.5.6.tgz 0ms (cache hit)
226 http cache picocolors@https://registry.npmjs.org/picocolors/-/picocolors-1.1.1.tgz 0ms (cache hit)
227 http cache preact@https://registry.npmjs.org/preact/-/preact-10.27.2.tgz 0ms (cache hit)
228 http cache path-key@https://registry.npmjs.org/path-key/-/path-key-3.1.1.tgz 0ms (cache hit)
229 http cache path-exists@https://registry.npmjs.org/path-exists/-/path-exists-4.0.0.tgz 0ms (cache hit)
230 http cache possible-typed-array-names@https://registry.npmjs.org/possible-typed-array-names/-/possible-typed-array-names-1.1.0.tgz 0ms (cache hit)
231 http cache parent-module@https://registry.npmjs.org/parent-module/-/parent-module-1.0.1.tgz 0ms (cache hit)
232 http cache p-limit@https://registry.npmjs.org/p-limit/-/p-limit-3.1.0.tgz 0ms (cache hit)
233 http cache p-locate@https://registry.npmjs.org/p-locate/-/p-locate-5.0.0.tgz 0ms (cache hit)
234 http cache path-parse@https://registry.npmjs.org/path-parse/-/path-parse-1.0.7.tgz 0ms (cache hit)
235 http cache optionator@https://registry.npmjs.org/optionator/-/optionator-0.9.4.tgz 0ms (cache hit)
236 http cache object.values@https://registry.npmjs.org/object.values/-/object.values-1.2.1.tgz 0ms (cache hit)
237 http cache own-keys@https://registry.npmjs.org/own-keys/-/own-keys-1.0.1.tgz 0ms (cache hit)
238 http cache object.fromentries@https://registry.npmjs.org/object.fromentries/-/object.fromentries-2.0.8.tgz 0ms (cache hit)
239 http cache oidc-token-hash@https://registry.npmjs.org/oidc-token-hash/-/oidc-token-hash-5.1.1.tgz 0ms (cache hit)
240 http cache object.groupby@https://registry.npmjs.org/object.groupby/-/object.groupby-1.0.3.tgz 0ms (cache hit)
241 http cache object.entries@https://registry.npmjs.org/object.entries/-/object.entries-1.1.9.tgz 0ms (cache hit)
242 http cache object.assign@https://registry.npmjs.org/object.assign/-/object.assign-4.1.7.tgz 0ms (cache hit)
243 http cache picomatch@https://registry.npmjs.org/picomatch/-/picomatch-2.3.1.tgz 0ms (cache hit)
244 http cache openid-client@https://registry.npmjs.org/openid-client/-/openid-client-5.7.1.tgz 0ms (cache hit)
245 http cache object-keys@https://registry.npmjs.org/object-keys/-/object-keys-1.1.1.tgz 0ms (cache hit)
246 http cache object-inspect@https://registry.npmjs.org/object-inspect/-/object-inspect-1.13.4.tgz 0ms (cache hit)
247 http cache object-assign@https://registry.npmjs.org/object-assign/-/object-assign-4.1.1.tgz 0ms (cache hit)
248 http cache proxy-from-env@https://registry.npmjs.org/proxy-from-env/-/proxy-from-env-1.1.0.tgz 0ms (cache hit)
249 http cache next@https://registry.npmjs.org/next/-/next-15.4.6.tgz 0ms (cache hit)
250 http cache oauth@https://registry.npmjs.org/oauth/-/oauth-0.9.15.tgz 0ms (cache hit)
251 http cache natural-compare@https://registry.npmjs.org/natural-compare/-/natural-compare-1.4.0.tgz 0ms (cache hit)
252 http cache napi-postinstall@https://registry.npmjs.org/napi-postinstall/-/napi-postinstall-0.3.2.tgz 0ms (cache hit)
253 http cache object-hash@https://registry.npmjs.org/object-hash/-/object-hash-2.2.0.tgz 0ms (cache hit)
254 http cache next-auth@https://registry.npmjs.org/next-auth/-/next-auth-4.24.11.tgz 0ms (cache hit)
255 http cache nanoid@https://registry.npmjs.org/nanoid/-/nanoid-3.3.11.tgz 0ms (cache hit)
256 http cache mpath@https://registry.npmjs.org/mpath/-/mpath-0.9.0.tgz 0ms (cache hit)
257 http cache mquery@https://registry.npmjs.org/mquery/-/mquery-5.0.0.tgz 0ms (cache hit)
258 http cache motion-utils@https://registry.npmjs.org/motion-utils/-/motion-utils-12.23.6.tgz 0ms (cache hit)
259 http cache motion-dom@https://registry.npmjs.org/motion-dom/-/motion-dom-12.23.12.tgz 0ms (cache hit)
260 http cache mongodb@https://registry.npmjs.org/mongodb/-/mongodb-6.18.0.tgz 0ms (cache hit)
261 http cache mongodb-connection-string-url@https://registry.npmjs.org/mongodb-connection-string-url/-/mongodb-connection-string-url-3.0.2.tgz 0ms (cache hit)
262 http cache mongoose@https://registry.npmjs.org/mongoose/-/mongoose-8.18.2.tgz 0ms (cache hit)
263 http cache mkdirp@https://registry.npmjs.org/mkdirp/-/mkdirp-3.0.1.tgz 0ms (cache hit)
264 http cache ms@https://registry.npmjs.org/ms/-/ms-2.1.3.tgz 0ms (cache hit)
265 http cache minipass@https://registry.npmjs.org/minipass/-/minipass-7.1.2.tgz 0ms (cache hit)
266 http cache minizlib@https://registry.npmjs.org/minizlib/-/minizlib-3.0.2.tgz 0ms (cache hit)
267 http cache minimist@https://registry.npmjs.org/minimist/-/minimist-1.2.8.tgz 0ms (cache hit)
268 http cache mime-types@https://registry.npmjs.org/mime-types/-/mime-types-2.1.35.tgz 0ms (cache hit)
269 http cache mime-db@https://registry.npmjs.org/mime-db/-/mime-db-1.52.0.tgz 0ms (cache hit)
270 http cache micromatch@https://registry.npmjs.org/micromatch/-/micromatch-4.0.8.tgz 0ms (cache hit)
271 http cache minimatch@https://registry.npmjs.org/minimatch/-/minimatch-3.1.2.tgz 0ms (cache hit)
272 http cache merge2@https://registry.npmjs.org/merge2/-/merge2-1.4.1.tgz 0ms (cache hit)
273 http cache memory-pager@https://registry.npmjs.org/memory-pager/-/memory-pager-1.5.0.tgz 0ms (cache hit)
274 http cache math-intrinsics@https://registry.npmjs.org/math-intrinsics/-/math-intrinsics-1.1.0.tgz 0ms (cache hit)
275 http cache lru-cache@https://registry.npmjs.org/lru-cache/-/lru-cache-6.0.0.tgz 0ms (cache hit)
276 http cache lucide-react@https://registry.npmjs.org/lucide-react/-/lucide-react-0.539.0.tgz 0ms (cache hit)
277 http cache lodash.merge@https://registry.npmjs.org/lodash.merge/-/lodash.merge-4.6.2.tgz 0ms (cache hit)
278 http cache loose-envify@https://registry.npmjs.org/loose-envify/-/loose-envify-1.4.0.tgz 0ms (cache hit)
279 http cache locate-path@https://registry.npmjs.org/locate-path/-/locate-path-6.0.0.tgz 0ms (cache hit)
280 http cache magic-string@https://registry.npmjs.org/magic-string/-/magic-string-0.30.17.tgz 0ms (cache hit)
281 http cache lightningcss@https://registry.npmjs.org/lightningcss/-/lightningcss-1.30.1.tgz 0ms (cache hit)
282 http cache levn@https://registry.npmjs.org/levn/-/levn-0.4.1.tgz 0ms (cache hit)
283 http cache language-tags@https://registry.npmjs.org/language-tags/-/language-tags-1.0.9.tgz 0ms (cache hit)
284 http cache keyv@https://registry.npmjs.org/keyv/-/keyv-4.5.4.tgz 0ms (cache hit)
285 http cache language-subtag-registry@https://registry.npmjs.org/language-subtag-registry/-/language-subtag-registry-0.3.23.tgz 0ms (cache hit)
286 http cache jsx-ast-utils@https://registry.npmjs.org/jsx-ast-utils/-/jsx-ast-utils-3.3.5.tgz 0ms (cache hit)
287 http cache json-stable-stringify-without-jsonify@https://registry.npmjs.org/json-stable-stringify-without-jsonify/-/json-stable-stringify-without-jsonify-1.0.1.tgz 0ms (cache hit)
288 http cache json-schema-traverse@https://registry.npmjs.org/json-schema-traverse/-/json-schema-traverse-0.4.1.tgz 0ms (cache hit)
289 http cache json5@https://registry.npmjs.org/json5/-/json5-1.0.2.tgz 0ms (cache hit)
290 http cache json-buffer@https://registry.npmjs.org/json-buffer/-/json-buffer-3.0.1.tgz 0ms (cache hit)
291 http cache js-yaml@https://registry.npmjs.org/js-yaml/-/js-yaml-4.1.0.tgz 0ms (cache hit)
292 http cache jose@https://registry.npmjs.org/jose/-/jose-4.15.9.tgz 0ms (cache hit)
293 http cache js-tokens@https://registry.npmjs.org/js-tokens/-/js-tokens-4.0.0.tgz 0ms (cache hit)
294 http cache iterator.prototype@https://registry.npmjs.org/iterator.prototype/-/iterator.prototype-1.1.5.tgz 0ms (cache hit)
295 http cache lightningcss-darwin-arm64@https://registry.npmjs.org/lightningcss-darwin-arm64/-/lightningcss-darwin-arm64-1.30.1.tgz 0ms (cache hit)
296 http cache isexe@https://registry.npmjs.org/isexe/-/isexe-2.0.0.tgz 0ms (cache hit)
297 http cache kareem@https://registry.npmjs.org/kareem/-/kareem-2.6.3.tgz 0ms (cache hit)
298 http cache jiti@https://registry.npmjs.org/jiti/-/jiti-2.5.1.tgz 0ms (cache hit)
299 http cache is-weakref@https://registry.npmjs.org/is-weakref/-/is-weakref-1.1.1.tgz 0ms (cache hit)
300 http cache isarray@https://registry.npmjs.org/isarray/-/isarray-2.0.5.tgz 0ms (cache hit)
301 http cache is-weakmap@https://registry.npmjs.org/is-weakmap/-/is-weakmap-2.0.2.tgz 0ms (cache hit)
302 http cache is-symbol@https://registry.npmjs.org/is-symbol/-/is-symbol-1.1.1.tgz 0ms (cache hit)
303 http cache is-typed-array@https://registry.npmjs.org/is-typed-array/-/is-typed-array-1.1.15.tgz 0ms (cache hit)
304 http cache is-shared-array-buffer@https://registry.npmjs.org/is-shared-array-buffer/-/is-shared-array-buffer-1.0.4.tgz 0ms (cache hit)
305 http cache is-weakset@https://registry.npmjs.org/is-weakset/-/is-weakset-2.0.4.tgz 0ms (cache hit)
306 http cache is-number-object@https://registry.npmjs.org/is-number-object/-/is-number-object-1.1.1.tgz 0ms (cache hit)
307 http cache is-string@https://registry.npmjs.org/is-string/-/is-string-1.1.1.tgz 0ms (cache hit)
308 http cache is-regex@https://registry.npmjs.org/is-regex/-/is-regex-1.2.1.tgz 0ms (cache hit)
309 http cache is-number@https://registry.npmjs.org/is-number/-/is-number-7.0.0.tgz 0ms (cache hit)
310 http cache is-glob@https://registry.npmjs.org/is-glob/-/is-glob-4.0.3.tgz 0ms (cache hit)
311 http cache is-set@https://registry.npmjs.org/is-set/-/is-set-2.0.3.tgz 0ms (cache hit)
312 http cache is-negative-zero@https://registry.npmjs.org/is-negative-zero/-/is-negative-zero-2.0.3.tgz 0ms (cache hit)
313 http cache is-generator-function@https://registry.npmjs.org/is-generator-function/-/is-generator-function-1.1.0.tgz 0ms (cache hit)
314 http cache is-extglob@https://registry.npmjs.org/is-extglob/-/is-extglob-2.1.1.tgz 0ms (cache hit)
315 http cache is-data-view@https://registry.npmjs.org/is-data-view/-/is-data-view-1.0.2.tgz 0ms (cache hit)
316 http cache is-map@https://registry.npmjs.org/is-map/-/is-map-2.0.3.tgz 0ms (cache hit)
317 http cache is-date-object@https://registry.npmjs.org/is-date-object/-/is-date-object-1.1.0.tgz 0ms (cache hit)
318 http cache is-core-module@https://registry.npmjs.org/is-core-module/-/is-core-module-2.16.1.tgz 0ms (cache hit)
319 http cache is-callable@https://registry.npmjs.org/is-callable/-/is-callable-1.2.7.tgz 0ms (cache hit)
320 http cache is-bun-module@https://registry.npmjs.org/is-bun-module/-/is-bun-module-2.0.0.tgz 0ms (cache hit)
321 http cache is-finalizationregistry@https://registry.npmjs.org/is-finalizationregistry/-/is-finalizationregistry-1.1.1.tgz 0ms (cache hit)
322 http cache is-boolean-object@https://registry.npmjs.org/is-boolean-object/-/is-boolean-object-1.2.2.tgz 0ms (cache hit)
323 http cache is-bigint@https://registry.npmjs.org/is-bigint/-/is-bigint-1.1.0.tgz 0ms (cache hit)
324 http cache is-async-function@https://registry.npmjs.org/is-async-function/-/is-async-function-2.1.1.tgz 0ms (cache hit)
325 http cache is-array-buffer@https://registry.npmjs.org/is-array-buffer/-/is-array-buffer-3.0.5.tgz 0ms (cache hit)
326 http cache is-arrayish@https://registry.npmjs.org/is-arrayish/-/is-arrayish-0.3.2.tgz 0ms (cache hit)
327 http cache internal-slot@https://registry.npmjs.org/internal-slot/-/internal-slot-1.1.0.tgz 0ms (cache hit)
328 http cache imurmurhash@https://registry.npmjs.org/imurmurhash/-/imurmurhash-0.1.4.tgz 0ms (cache hit)
329 http cache import-fresh@https://registry.npmjs.org/import-fresh/-/import-fresh-3.3.1.tgz 0ms (cache hit)
330 http cache hasown@https://registry.npmjs.org/hasown/-/hasown-2.0.2.tgz 0ms (cache hit)
331 http cache ignore@https://registry.npmjs.org/ignore/-/ignore-5.3.2.tgz 0ms (cache hit)
332 http cache has-tostringtag@https://registry.npmjs.org/has-tostringtag/-/has-tostringtag-1.0.2.tgz 0ms (cache hit)
333 http cache has-proto@https://registry.npmjs.org/has-proto/-/has-proto-1.2.0.tgz 0ms (cache hit)
334 http cache has-symbols@https://registry.npmjs.org/has-symbols/-/has-symbols-1.1.0.tgz 0ms (cache hit)
335 http cache has-property-descriptors@https://registry.npmjs.org/has-property-descriptors/-/has-property-descriptors-1.0.2.tgz 0ms (cache hit)
336 http cache has-flag@https://registry.npmjs.org/has-flag/-/has-flag-4.0.0.tgz 0ms (cache hit)
337 http cache has-bigints@https://registry.npmjs.org/has-bigints/-/has-bigints-1.1.0.tgz 0ms (cache hit)
338 http cache gsap@https://registry.npmjs.org/gsap/-/gsap-3.13.0.tgz 0ms (cache hit)
339 http cache graceful-fs@https://registry.npmjs.org/graceful-fs/-/graceful-fs-4.2.11.tgz 0ms (cache hit)
340 http cache gopd@https://registry.npmjs.org/gopd/-/gopd-1.2.0.tgz 0ms (cache hit)
341 http cache globalthis@https://registry.npmjs.org/globalthis/-/globalthis-1.0.4.tgz 0ms (cache hit)
342 http cache globals@https://registry.npmjs.org/globals/-/globals-14.0.0.tgz 0ms (cache hit)
343 http cache glob-parent@https://registry.npmjs.org/glob-parent/-/glob-parent-6.0.2.tgz 0ms (cache hit)
344 http cache get-tsconfig@https://registry.npmjs.org/get-tsconfig/-/get-tsconfig-4.10.1.tgz 0ms (cache hit)
345 http cache get-symbol-description@https://registry.npmjs.org/get-symbol-description/-/get-symbol-description-1.1.0.tgz 0ms (cache hit)
346 http cache get-proto@https://registry.npmjs.org/get-proto/-/get-proto-1.0.1.tgz 0ms (cache hit)
347 http cache get-intrinsic@https://registry.npmjs.org/get-intrinsic/-/get-intrinsic-1.3.0.tgz 0ms (cache hit)
348 http cache functions-have-names@https://registry.npmjs.org/functions-have-names/-/functions-have-names-1.2.3.tgz 0ms (cache hit)
349 http cache function.prototype.name@https://registry.npmjs.org/function.prototype.name/-/function.prototype.name-1.1.8.tgz 0ms (cache hit)
350 http cache function-bind@https://registry.npmjs.org/function-bind/-/function-bind-1.1.2.tgz 0ms (cache hit)
351 http cache framer-motion@https://registry.npmjs.org/framer-motion/-/framer-motion-12.23.12.tgz 0ms (cache hit)
352 http cache form-data@https://registry.npmjs.org/form-data/-/form-data-4.0.4.tgz 0ms (cache hit)
353 http cache for-each@https://registry.npmjs.org/for-each/-/for-each-0.3.5.tgz 0ms (cache hit)
354 http cache follow-redirects@https://registry.npmjs.org/follow-redirects/-/follow-redirects-1.15.11.tgz 0ms (cache hit)
355 http cache flatted@https://registry.npmjs.org/flatted/-/flatted-3.3.3.tgz 0ms (cache hit)
356 http cache flat-cache@https://registry.npmjs.org/flat-cache/-/flat-cache-4.0.1.tgz 0ms (cache hit)
357 http cache fill-range@https://registry.npmjs.org/fill-range/-/fill-range-7.1.1.tgz 0ms (cache hit)
358 http cache find-up@https://registry.npmjs.org/find-up/-/find-up-5.0.0.tgz 0ms (cache hit)
359 http cache file-entry-cache@https://registry.npmjs.org/file-entry-cache/-/file-entry-cache-8.0.0.tgz 0ms (cache hit)
360 http cache fastq@https://registry.npmjs.org/fastq/-/fastq-1.19.1.tgz 0ms (cache hit)
361 http cache fast-levenshtein@https://registry.npmjs.org/fast-levenshtein/-/fast-levenshtein-2.0.6.tgz 0ms (cache hit)
362 http cache fast-json-stable-stringify@https://registry.npmjs.org/fast-json-stable-stringify/-/fast-json-stable-stringify-2.1.0.tgz 0ms (cache hit)
363 http cache fast-glob@https://registry.npmjs.org/fast-glob/-/fast-glob-3.3.1.tgz 0ms (cache hit)
364 http cache estraverse@https://registry.npmjs.org/estraverse/-/estraverse-5.3.0.tgz 0ms (cache hit)
365 http cache esutils@https://registry.npmjs.org/esutils/-/esutils-2.0.3.tgz 0ms (cache hit)
366 http cache esrecurse@https://registry.npmjs.org/esrecurse/-/esrecurse-4.3.0.tgz 0ms (cache hit)
367 http cache espree@https://registry.npmjs.org/espree/-/espree-10.4.0.tgz 0ms (cache hit)
368 http cache eslint-visitor-keys@https://registry.npmjs.org/eslint-visitor-keys/-/eslint-visitor-keys-4.2.1.tgz 0ms (cache hit)
369 http cache esquery@https://registry.npmjs.org/esquery/-/esquery-1.6.0.tgz 0ms (cache hit)
370 http cache eslint-scope@https://registry.npmjs.org/eslint-scope/-/eslint-scope-8.4.0.tgz 0ms (cache hit)
371 http cache eslint-plugin-react@https://registry.npmjs.org/eslint-plugin-react/-/eslint-plugin-react-7.37.5.tgz 0ms (cache hit)
372 http cache eslint-plugin-react-hooks@https://registry.npmjs.org/eslint-plugin-react-hooks/-/eslint-plugin-react-hooks-5.2.0.tgz 0ms (cache hit)
373 http cache eslint-plugin-jsx-a11y@https://registry.npmjs.org/eslint-plugin-jsx-a11y/-/eslint-plugin-jsx-a11y-6.10.2.tgz 0ms (cache hit)
374 http cache eslint-module-utils@https://registry.npmjs.org/eslint-module-utils/-/eslint-module-utils-2.12.1.tgz 0ms (cache hit)
375 http cache eslint-plugin-import@https://registry.npmjs.org/eslint-plugin-import/-/eslint-plugin-import-2.32.0.tgz 0ms (cache hit)
376 http cache eslint-import-resolver-typescript@https://registry.npmjs.org/eslint-import-resolver-typescript/-/eslint-import-resolver-typescript-3.10.1.tgz 0ms (cache hit)
377 http cache eslint@https://registry.npmjs.org/eslint/-/eslint-9.32.0.tgz 0ms (cache hit)
378 http cache eslint-import-resolver-node@https://registry.npmjs.org/eslint-import-resolver-node/-/eslint-import-resolver-node-0.3.9.tgz 0ms (cache hit)
379 http cache eslint-config-next@https://registry.npmjs.org/eslint-config-next/-/eslint-config-next-15.4.6.tgz 0ms (cache hit)
380 http cache fast-deep-equal@https://registry.npmjs.org/fast-deep-equal/-/fast-deep-equal-3.1.3.tgz 0ms (cache hit)
381 http cache es-to-primitive@https://registry.npmjs.org/es-to-primitive/-/es-to-primitive-1.3.0.tgz 0ms (cache hit)
382 http cache escape-string-regexp@https://registry.npmjs.org/escape-string-regexp/-/escape-string-regexp-4.0.0.tgz 0ms (cache hit)
383 http cache es-shim-unscopables@https://registry.npmjs.org/es-shim-unscopables/-/es-shim-unscopables-1.1.0.tgz 0ms (cache hit)
384 http cache es-object-atoms@https://registry.npmjs.org/es-object-atoms/-/es-object-atoms-1.1.1.tgz 0ms (cache hit)
385 http cache es-set-tostringtag@https://registry.npmjs.org/es-set-tostringtag/-/es-set-tostringtag-2.1.0.tgz 0ms (cache hit)
386 http cache es-errors@https://registry.npmjs.org/es-errors/-/es-errors-1.3.0.tgz 0ms (cache hit)
387 http cache es-iterator-helpers@https://registry.npmjs.org/es-iterator-helpers/-/es-iterator-helpers-1.2.1.tgz 0ms (cache hit)
388 http cache enhanced-resolve@https://registry.npmjs.org/enhanced-resolve/-/enhanced-resolve-5.18.3.tgz 0ms (cache hit)
389 http cache dunder-proto@https://registry.npmjs.org/dunder-proto/-/dunder-proto-1.0.1.tgz 0ms (cache hit)
390 http cache es-abstract@https://registry.npmjs.org/es-abstract/-/es-abstract-1.24.0.tgz 0ms (cache hit)
391 http cache graphemer@https://registry.npmjs.org/graphemer/-/graphemer-1.4.0.tgz 0ms (cache hit)
392 http cache emoji-regex@https://registry.npmjs.org/emoji-regex/-/emoji-regex-9.2.2.tgz 0ms (cache hit)
393 http cache doctrine@https://registry.npmjs.org/doctrine/-/doctrine-2.1.0.tgz 0ms (cache hit)
394 http cache detect-libc@https://registry.npmjs.org/detect-libc/-/detect-libc-2.0.4.tgz 0ms (cache hit)
395 http cache delayed-stream@https://registry.npmjs.org/delayed-stream/-/delayed-stream-1.0.0.tgz 0ms (cache hit)
396 http cache es-define-property@https://registry.npmjs.org/es-define-property/-/es-define-property-1.0.1.tgz 0ms (cache hit)
397 http cache debug@https://registry.npmjs.org/debug/-/debug-4.4.1.tgz 0ms (cache hit)
398 http cache define-properties@https://registry.npmjs.org/define-properties/-/define-properties-1.2.1.tgz 0ms (cache hit)
399 http cache define-data-property@https://registry.npmjs.org/define-data-property/-/define-data-property-1.1.4.tgz 0ms (cache hit)
400 http cache data-view-byte-offset@https://registry.npmjs.org/data-view-byte-offset/-/data-view-byte-offset-1.0.1.tgz 0ms (cache hit)
401 http cache data-view-byte-length@https://registry.npmjs.org/data-view-byte-length/-/data-view-byte-length-1.0.2.tgz 0ms (cache hit)
402 http cache data-view-buffer@https://registry.npmjs.org/data-view-buffer/-/data-view-buffer-1.0.2.tgz 0ms (cache hit)
403 http cache deep-is@https://registry.npmjs.org/deep-is/-/deep-is-0.1.4.tgz 0ms (cache hit)
404 http cache cookie@https://registry.npmjs.org/cookie/-/cookie-0.7.2.tgz 0ms (cache hit)
405 http cache csstype@https://registry.npmjs.org/csstype/-/csstype-3.1.3.tgz 0ms (cache hit)
406 http cache cross-spawn@https://registry.npmjs.org/cross-spawn/-/cross-spawn-7.0.6.tgz 0ms (cache hit)
407 http cache damerau-levenshtein@https://registry.npmjs.org/damerau-levenshtein/-/damerau-levenshtein-1.0.8.tgz 0ms (cache hit)
408 http cache color-string@https://registry.npmjs.org/color-string/-/color-string-1.9.1.tgz 0ms (cache hit)
409 http cache color@https://registry.npmjs.org/color/-/color-4.2.3.tgz 0ms (cache hit)
410 http cache clsx@https://registry.npmjs.org/clsx/-/clsx-2.1.1.tgz 0ms (cache hit)
411 http cache concat-map@https://registry.npmjs.org/concat-map/-/concat-map-0.0.1.tgz 0ms (cache hit)
412 http cache color-convert@https://registry.npmjs.org/color-convert/-/color-convert-2.0.1.tgz 0ms (cache hit)
413 http cache combined-stream@https://registry.npmjs.org/combined-stream/-/combined-stream-1.0.8.tgz 1ms (cache hit)
414 http cache client-only@https://registry.npmjs.org/client-only/-/client-only-0.0.1.tgz 0ms (cache hit)
415 http cache caniuse-lite@https://registry.npmjs.org/caniuse-lite/-/caniuse-lite-1.0.30001733.tgz 0ms (cache hit)
416 http cache color-name@https://registry.npmjs.org/color-name/-/color-name-1.1.4.tgz 0ms (cache hit)
417 http cache call-bound@https://registry.npmjs.org/call-bound/-/call-bound-1.0.4.tgz 0ms (cache hit)
418 http cache chownr@https://registry.npmjs.org/chownr/-/chownr-3.0.0.tgz 0ms (cache hit)
419 http cache callsites@https://registry.npmjs.org/callsites/-/callsites-3.1.0.tgz 0ms (cache hit)
420 http cache call-bind@https://registry.npmjs.org/call-bind/-/call-bind-1.0.8.tgz 0ms (cache hit)
421 http cache call-bind-apply-helpers@https://registry.npmjs.org/call-bind-apply-helpers/-/call-bind-apply-helpers-1.0.2.tgz 0ms (cache hit)
422 http cache bson@https://registry.npmjs.org/bson/-/bson-6.10.4.tgz 0ms (cache hit)
423 http cache braces@https://registry.npmjs.org/braces/-/braces-3.0.3.tgz 0ms (cache hit)
424 http cache chalk@https://registry.npmjs.org/chalk/-/chalk-4.1.2.tgz 0ms (cache hit)
425 http cache brace-expansion@https://registry.npmjs.org/brace-expansion/-/brace-expansion-1.1.12.tgz 0ms (cache hit)
426 http cache balanced-match@https://registry.npmjs.org/balanced-match/-/balanced-match-1.0.2.tgz 0ms (cache hit)
427 http cache axios@https://registry.npmjs.org/axios/-/axios-1.12.2.tgz 0ms (cache hit)
428 http cache axobject-query@https://registry.npmjs.org/axobject-query/-/axobject-query-4.1.0.tgz 0ms (cache hit)
429 http cache axe-core@https://registry.npmjs.org/axe-core/-/axe-core-4.10.3.tgz 0ms (cache hit)
430 http cache available-typed-arrays@https://registry.npmjs.org/available-typed-arrays/-/available-typed-arrays-1.0.7.tgz 0ms (cache hit)
431 http cache async-function@https://registry.npmjs.org/async-function/-/async-function-1.0.0.tgz 0ms (cache hit)
432 http cache ast-types-flow@https://registry.npmjs.org/ast-types-flow/-/ast-types-flow-0.0.8.tgz 0ms (cache hit)
433 http cache arraybuffer.prototype.slice@https://registry.npmjs.org/arraybuffer.prototype.slice/-/arraybuffer.prototype.slice-1.0.4.tgz 0ms (cache hit)
434 http cache array.prototype.tosorted@https://registry.npmjs.org/array.prototype.tosorted/-/array.prototype.tosorted-1.1.4.tgz 0ms (cache hit)
435 http cache array.prototype.flat@https://registry.npmjs.org/array.prototype.flat/-/array.prototype.flat-1.3.3.tgz 0ms (cache hit)
436 http cache array.prototype.flatmap@https://registry.npmjs.org/array.prototype.flatmap/-/array.prototype.flatmap-1.3.3.tgz 0ms (cache hit)
437 http cache array.prototype.findlastindex@https://registry.npmjs.org/array.prototype.findlastindex/-/array.prototype.findlastindex-1.2.6.tgz 0ms (cache hit)
438 http cache array.prototype.findlast@https://registry.npmjs.org/array.prototype.findlast/-/array.prototype.findlast-1.2.5.tgz 0ms (cache hit)
439 http cache array-includes@https://registry.npmjs.org/array-includes/-/array-includes-3.1.9.tgz 0ms (cache hit)
440 http cache asynckit@https://registry.npmjs.org/asynckit/-/asynckit-0.4.0.tgz 0ms (cache hit)
441 http cache array-buffer-byte-length@https://registry.npmjs.org/array-buffer-byte-length/-/array-buffer-byte-length-1.0.2.tgz 0ms (cache hit)
442 http cache argparse@https://registry.npmjs.org/argparse/-/argparse-2.0.1.tgz 0ms (cache hit)
443 http cache aria-query@https://registry.npmjs.org/aria-query/-/aria-query-5.3.2.tgz 0ms (cache hit)
444 http cache animejs@https://registry.npmjs.org/animejs/-/animejs-4.1.3.tgz 0ms (cache hit)
445 http cache ansi-styles@https://registry.npmjs.org/ansi-styles/-/ansi-styles-4.3.0.tgz 0ms (cache hit)
446 http cache ajv@https://registry.npmjs.org/ajv/-/ajv-6.12.6.tgz 0ms (cache hit)
447 http cache acorn-jsx@https://registry.npmjs.org/acorn-jsx/-/acorn-jsx-5.3.2.tgz 0ms (cache hit)
448 http cache acorn@https://registry.npmjs.org/acorn/-/acorn-8.15.0.tgz 0ms (cache hit)
449 http cache @typescript-eslint/visitor-keys@https://registry.npmjs.org/@typescript-eslint/visitor-keys/-/visitor-keys-8.39.0.tgz 0ms (cache hit)
450 http cache @unrs/resolver-binding-darwin-arm64@https://registry.npmjs.org/@unrs/resolver-binding-darwin-arm64/-/resolver-binding-darwin-arm64-1.11.1.tgz 0ms (cache hit)
451 http cache @typescript-eslint/utils@https://registry.npmjs.org/@typescript-eslint/utils/-/utils-8.39.0.tgz 0ms (cache hit)
452 http cache @typescript-eslint/types@https://registry.npmjs.org/@typescript-eslint/types/-/types-8.39.0.tgz 0ms (cache hit)
453 http cache @typescript-eslint/typescript-estree@https://registry.npmjs.org/@typescript-eslint/typescript-estree/-/typescript-estree-8.39.0.tgz 0ms (cache hit)
454 http cache @typescript-eslint/tsconfig-utils@https://registry.npmjs.org/@typescript-eslint/tsconfig-utils/-/tsconfig-utils-8.39.0.tgz 0ms (cache hit)
455 http cache @typescript-eslint/project-service@https://registry.npmjs.org/@typescript-eslint/project-service/-/project-service-8.39.0.tgz 0ms (cache hit)
456 http cache @typescript-eslint/scope-manager@https://registry.npmjs.org/@typescript-eslint/scope-manager/-/scope-manager-8.39.0.tgz 0ms (cache hit)
457 http cache @typescript-eslint/parser@https://registry.npmjs.org/@typescript-eslint/parser/-/parser-8.39.0.tgz 0ms (cache hit)
458 http cache @types/whatwg-url@https://registry.npmjs.org/@types/whatwg-url/-/whatwg-url-11.0.5.tgz 0ms (cache hit)
459 http cache @types/webidl-conversions@https://registry.npmjs.org/@types/webidl-conversions/-/webidl-conversions-7.0.3.tgz 0ms (cache hit)
460 http cache @types/react-dom@https://registry.npmjs.org/@types/react-dom/-/react-dom-19.1.7.tgz 0ms (cache hit)
461 http cache @typescript-eslint/type-utils@https://registry.npmjs.org/@typescript-eslint/type-utils/-/type-utils-8.39.0.tgz 0ms (cache hit)
462 http cache @types/node@https://registry.npmjs.org/@types/node/-/node-20.19.9.tgz 0ms (cache hit)
463 http cache @typescript-eslint/eslint-plugin@https://registry.npmjs.org/@typescript-eslint/eslint-plugin/-/eslint-plugin-8.39.0.tgz 0ms (cache hit)
464 http cache @types/react@https://registry.npmjs.org/@types/react/-/react-19.1.9.tgz 0ms (cache hit)
465 http cache @types/json5@https://registry.npmjs.org/@types/json5/-/json5-0.0.29.tgz 0ms (cache hit)
466 http cache @types/estree@https://registry.npmjs.org/@types/estree/-/estree-1.0.8.tgz 0ms (cache hit)
467 http cache @types/json-schema@https://registry.npmjs.org/@types/json-schema/-/json-schema-7.0.15.tgz 0ms (cache hit)
468 http cache @tailwindcss/postcss@https://registry.npmjs.org/@tailwindcss/postcss/-/postcss-4.1.11.tgz 0ms (cache hit)
469 http cache @tybys/wasm-util@https://registry.npmjs.org/@tybys/wasm-util/-/wasm-util-0.10.0.tgz 0ms (cache hit)
470 http cache @tailwindcss/oxide@https://registry.npmjs.org/@tailwindcss/oxide/-/oxide-4.1.11.tgz 0ms (cache hit)
471 http cache @tailwindcss/oxide-darwin-arm64@https://registry.npmjs.org/@tailwindcss/oxide-darwin-arm64/-/oxide-darwin-arm64-4.1.11.tgz 0ms (cache hit)
472 http cache @swc/helpers@https://registry.npmjs.org/@swc/helpers/-/helpers-0.5.15.tgz 0ms (cache hit)
473 http cache @rushstack/eslint-patch@https://registry.npmjs.org/@rushstack/eslint-patch/-/eslint-patch-1.12.0.tgz 0ms (cache hit)
474 http cache @rtsao/scc@https://registry.npmjs.org/@rtsao/scc/-/scc-1.1.0.tgz 0ms (cache hit)
475 http cache @nodelib/fs.walk@https://registry.npmjs.org/@nodelib/fs.walk/-/fs.walk-1.2.8.tgz 0ms (cache hit)
476 http cache @nolyfill/is-core-module@https://registry.npmjs.org/@nolyfill/is-core-module/-/is-core-module-1.0.39.tgz 0ms (cache hit)
477 http cache @nodelib/fs.stat@https://registry.npmjs.org/@nodelib/fs.stat/-/fs.stat-2.0.5.tgz 0ms (cache hit)
478 http cache @nodelib/fs.scandir@https://registry.npmjs.org/@nodelib/fs.scandir/-/fs.scandir-2.1.5.tgz 0ms (cache hit)
479 http cache @panva/hkdf@https://registry.npmjs.org/@panva/hkdf/-/hkdf-1.2.1.tgz 0ms (cache hit)
480 http cache @next/swc-darwin-arm64@https://registry.npmjs.org/@next/swc-darwin-arm64/-/swc-darwin-arm64-15.4.6.tgz 0ms (cache hit)
481 http cache @next/env@https://registry.npmjs.org/@next/env/-/env-15.4.6.tgz 0ms (cache hit)
482 http cache @next/eslint-plugin-next@https://registry.npmjs.org/@next/eslint-plugin-next/-/eslint-plugin-next-15.4.6.tgz 0ms (cache hit)
483 http cache @mongodb-js/saslprep@https://registry.npmjs.org/@mongodb-js/saslprep/-/saslprep-1.3.0.tgz 0ms (cache hit)
484 http cache @napi-rs/wasm-runtime@https://registry.npmjs.org/@napi-rs/wasm-runtime/-/wasm-runtime-0.2.12.tgz 0ms (cache hit)
485 http cache @jridgewell/sourcemap-codec@https://registry.npmjs.org/@jridgewell/sourcemap-codec/-/sourcemap-codec-1.5.4.tgz 0ms (cache hit)
486 http cache @jridgewell/trace-mapping@https://registry.npmjs.org/@jridgewell/trace-mapping/-/trace-mapping-0.3.29.tgz 0ms (cache hit)
487 http cache @isaacs/fs-minipass@https://registry.npmjs.org/@isaacs/fs-minipass/-/fs-minipass-4.0.1.tgz 0ms (cache hit)
488 http cache @jridgewell/gen-mapping@https://registry.npmjs.org/@jridgewell/gen-mapping/-/gen-mapping-0.3.12.tgz 0ms (cache hit)
489 http cache @img/sharp-libvips-darwin-arm64@https://registry.npmjs.org/@img/sharp-libvips-darwin-arm64/-/sharp-libvips-darwin-arm64-1.2.0.tgz 0ms (cache hit)
490 http cache @humanwhocodes/retry@https://registry.npmjs.org/@humanwhocodes/retry/-/retry-0.4.3.tgz 0ms (cache hit)
491 http cache @jridgewell/resolve-uri@https://registry.npmjs.org/@jridgewell/resolve-uri/-/resolve-uri-3.1.2.tgz 0ms (cache hit)
492 http cache @humanwhocodes/module-importer@https://registry.npmjs.org/@humanwhocodes/module-importer/-/module-importer-1.0.1.tgz 0ms (cache hit)
493 http cache @humanfs/node@https://registry.npmjs.org/@humanfs/node/-/node-0.16.6.tgz 0ms (cache hit)
494 http cache @tailwindcss/node@https://registry.npmjs.org/@tailwindcss/node/-/node-4.1.11.tgz 0ms (cache hit)
495 http cache @floating-ui/utils@https://registry.npmjs.org/@floating-ui/utils/-/utils-0.2.10.tgz 0ms (cache hit)
496 http cache @humanfs/core@https://registry.npmjs.org/@humanfs/core/-/core-0.19.1.tgz 0ms (cache hit)
497 http cache @floating-ui/react-dom@https://registry.npmjs.org/@floating-ui/react-dom/-/react-dom-2.1.5.tgz 0ms (cache hit)
498 http cache @img/sharp-darwin-arm64@https://registry.npmjs.org/@img/sharp-darwin-arm64/-/sharp-darwin-arm64-0.34.3.tgz 0ms (cache hit)
499 http cache @floating-ui/dom@https://registry.npmjs.org/@floating-ui/dom/-/dom-1.7.3.tgz 0ms (cache hit)
500 http cache @floating-ui/core@https://registry.npmjs.org/@floating-ui/core/-/core-1.7.3.tgz 0ms (cache hit)
501 http cache @floating-ui/react@https://registry.npmjs.org/@floating-ui/react/-/react-0.27.15.tgz 0ms (cache hit)
502 http cache @eslint/plugin-kit@https://registry.npmjs.org/@eslint/plugin-kit/-/plugin-kit-0.3.5.tgz 0ms (cache hit)
503 http cache @eslint/object-schema@https://registry.npmjs.org/@eslint/object-schema/-/object-schema-2.1.6.tgz 0ms (cache hit)
504 http cache @eslint/config-helpers@https://registry.npmjs.org/@eslint/config-helpers/-/config-helpers-0.3.1.tgz 0ms (cache hit)
505 http cache @eslint/js@https://registry.npmjs.org/@eslint/js/-/js-9.32.0.tgz 0ms (cache hit)
506 http cache @eslint/core@https://registry.npmjs.org/@eslint/core/-/core-0.15.2.tgz 0ms (cache hit)
507 http cache @eslint-community/regexpp@https://registry.npmjs.org/@eslint-community/regexpp/-/regexpp-4.12.1.tgz 0ms (cache hit)
508 http cache @emnapi/wasi-threads@https://registry.npmjs.org/@emnapi/wasi-threads/-/wasi-threads-1.0.4.tgz 0ms (cache hit)
509 http cache @eslint/eslintrc@https://registry.npmjs.org/@eslint/eslintrc/-/eslintrc-3.3.1.tgz 0ms (cache hit)
510 http cache @eslint/config-array@https://registry.npmjs.org/@eslint/config-array/-/config-array-0.21.0.tgz 0ms (cache hit)
511 http cache @emnapi/runtime@https://registry.npmjs.org/@emnapi/runtime/-/runtime-1.4.5.tgz 0ms (cache hit)
512 http cache @babel/runtime@https://registry.npmjs.org/@babel/runtime/-/runtime-7.28.4.tgz 0ms (cache hit)
513 http cache @eslint-community/eslint-utils@https://registry.npmjs.org/@eslint-community/eslint-utils/-/eslint-utils-4.7.0.tgz 0ms (cache hit)
514 http cache @emnapi/core@https://registry.npmjs.org/@emnapi/core/-/core-1.4.5.tgz 0ms (cache hit)
515 http cache @alloc/quick-lru@https://registry.npmjs.org/@alloc/quick-lru/-/quick-lru-5.2.0.tgz 0ms (cache hit)
516 http cache @ampproject/remapping@https://registry.npmjs.org/@ampproject/remapping/-/remapping-2.3.0.tgz 0ms (cache hit)
517 http cache fdir@https://registry.npmjs.org/fdir/-/fdir-6.4.6.tgz 0ms (cache hit)
518 http cache uuid@https://registry.npmjs.org/uuid/-/uuid-8.3.2.tgz 0ms (cache hit)
519 http cache postcss@https://registry.npmjs.org/postcss/-/postcss-8.4.31.tgz 0ms (cache hit)
520 http cache resolve@https://registry.npmjs.org/resolve/-/resolve-2.0.0-next.5.tgz 0ms (cache hit)
521 http cache semver@https://registry.npmjs.org/semver/-/semver-6.3.1.tgz 0ms (cache hit)
522 http cache picomatch@https://registry.npmjs.org/picomatch/-/picomatch-4.0.3.tgz 0ms (cache hit)
523 http cache yallist@https://registry.npmjs.org/yallist/-/yallist-4.0.0.tgz 0ms (cache hit)
524 http cache glob-parent@https://registry.npmjs.org/glob-parent/-/glob-parent-5.1.2.tgz 0ms (cache hit)
525 http cache semver@https://registry.npmjs.org/semver/-/semver-6.3.1.tgz 0ms (cache hit)
526 http cache minimatch@https://registry.npmjs.org/minimatch/-/minimatch-9.0.5.tgz 0ms (cache hit)
527 http cache debug@https://registry.npmjs.org/debug/-/debug-3.2.7.tgz 0ms (cache hit)
528 http cache ignore@https://registry.npmjs.org/ignore/-/ignore-7.0.5.tgz 0ms (cache hit)
529 http cache debug@https://registry.npmjs.org/debug/-/debug-3.2.7.tgz 0ms (cache hit)
530 http cache debug@https://registry.npmjs.org/debug/-/debug-3.2.7.tgz 0ms (cache hit)
531 http cache brace-expansion@https://registry.npmjs.org/brace-expansion/-/brace-expansion-2.0.2.tgz 0ms (cache hit)
532 http cache glob-parent@https://registry.npmjs.org/glob-parent/-/glob-parent-5.1.2.tgz 0ms (cache hit)
533 http cache fast-glob@https://registry.npmjs.org/fast-glob/-/fast-glob-3.3.3.tgz 0ms (cache hit)
534 http cache @humanwhocodes/retry@https://registry.npmjs.org/@humanwhocodes/retry/-/retry-0.3.1.tgz 0ms (cache hit)
535 silly tarball no local data for yocto-queue@https://registry.npmjs.org/yocto-queue/-/yocto-queue-0.1.0.tgz. Extracting by manifest.
536 http cache eslint-visitor-keys@https://registry.npmjs.org/eslint-visitor-keys/-/eslint-visitor-keys-3.4.3.tgz 0ms (cache hit)
537 silly tarball no local data for which-typed-array@https://registry.npmjs.org/which-typed-array/-/which-typed-array-1.1.19.tgz. Extracting by manifest.
538 silly tarball no local data for which-collection@https://registry.npmjs.org/which-collection/-/which-collection-1.0.2.tgz. Extracting by manifest.
539 silly tarball no local data for which-builtin-type@https://registry.npmjs.org/which-builtin-type/-/which-builtin-type-1.2.1.tgz. Extracting by manifest.
540 silly tarball no local data for which@https://registry.npmjs.org/which/-/which-2.0.2.tgz. Extracting by manifest.
541 silly tarball no local data for whatwg-url@https://registry.npmjs.org/whatwg-url/-/whatwg-url-14.2.0.tgz. Extracting by manifest.
542 silly tarball no local data for which-boxed-primitive@https://registry.npmjs.org/which-boxed-primitive/-/which-boxed-primitive-1.1.1.tgz. Extracting by manifest.
543 silly tarball no local data for webidl-conversions@https://registry.npmjs.org/webidl-conversions/-/webidl-conversions-7.0.0.tgz. Extracting by manifest.
544 silly tarball no local data for yallist@https://registry.npmjs.org/yallist/-/yallist-5.0.0.tgz. Extracting by manifest.
545 silly tarball no local data for uri-js@https://registry.npmjs.org/uri-js/-/uri-js-4.4.1.tgz. Extracting by manifest.
546 silly tarball no local data for uuid@https://registry.npmjs.org/uuid/-/uuid-13.0.0.tgz. Extracting by manifest.
547 silly tarball no local data for typescript@https://registry.npmjs.org/typescript/-/typescript-5.9.2.tgz. Extracting by manifest.
548 silly tarball no local data for unrs-resolver@https://registry.npmjs.org/unrs-resolver/-/unrs-resolver-1.11.1.tgz. Extracting by manifest.
549 silly tarball no local data for word-wrap@https://registry.npmjs.org/word-wrap/-/word-wrap-1.2.5.tgz. Extracting by manifest.
550 silly tarball no local data for typed-array-length@https://registry.npmjs.org/typed-array-length/-/typed-array-length-1.0.7.tgz. Extracting by manifest.
551 silly tarball no local data for type-check@https://registry.npmjs.org/type-check/-/type-check-0.4.0.tgz. Extracting by manifest.
552 silly tarball no local data for tslib@https://registry.npmjs.org/tslib/-/tslib-2.8.1.tgz. Extracting by manifest.
553 silly tarball no local data for typed-array-byte-offset@https://registry.npmjs.org/typed-array-byte-offset/-/typed-array-byte-offset-1.0.4.tgz. Extracting by manifest.
554 silly tarball no local data for undici-types@https://registry.npmjs.org/undici-types/-/undici-types-6.21.0.tgz. Extracting by manifest.
555 silly tarball no local data for tsconfig-paths@https://registry.npmjs.org/tsconfig-paths/-/tsconfig-paths-3.15.0.tgz. Extracting by manifest.
556 silly tarball no local data for typed-array-buffer@https://registry.npmjs.org/typed-array-buffer/-/typed-array-buffer-1.0.3.tgz. Extracting by manifest.
557 silly tarball no local data for unbox-primitive@https://registry.npmjs.org/unbox-primitive/-/unbox-primitive-1.1.0.tgz. Extracting by manifest.
558 silly tarball no local data for tr46@https://registry.npmjs.org/tr46/-/tr46-5.1.1.tgz. Extracting by manifest.
559 silly tarball no local data for typed-array-byte-length@https://registry.npmjs.org/typed-array-byte-length/-/typed-array-byte-length-1.0.3.tgz. Extracting by manifest.
560 silly tarball no local data for ts-api-utils@https://registry.npmjs.org/ts-api-utils/-/ts-api-utils-2.1.0.tgz. Extracting by manifest.
561 silly tarball no local data for to-regex-range@https://registry.npmjs.org/to-regex-range/-/to-regex-range-5.0.1.tgz. Extracting by manifest.
562 silly tarball no local data for tinyglobby@https://registry.npmjs.org/tinyglobby/-/tinyglobby-0.2.14.tgz. Extracting by manifest.
563 silly tarball no local data for tapable@https://registry.npmjs.org/tapable/-/tapable-2.2.2.tgz. Extracting by manifest.
564 silly tarball no local data for tar@https://registry.npmjs.org/tar/-/tar-7.4.3.tgz. Extracting by manifest.
565 silly tarball no local data for tabbable@https://registry.npmjs.org/tabbable/-/tabbable-6.2.0.tgz. Extracting by manifest.
566 silly tarball no local data for tailwindcss@https://registry.npmjs.org/tailwindcss/-/tailwindcss-4.1.11.tgz. Extracting by manifest.
567 silly tarball no local data for supports-color@https://registry.npmjs.org/supports-color/-/supports-color-7.2.0.tgz. Extracting by manifest.
568 silly tarball no local data for styled-jsx@https://registry.npmjs.org/styled-jsx/-/styled-jsx-5.1.6.tgz. Extracting by manifest.
569 silly tarball no local data for strip-json-comments@https://registry.npmjs.org/strip-json-comments/-/strip-json-comments-3.1.1.tgz. Extracting by manifest.
570 silly tarball no local data for supports-preserve-symlinks-flag@https://registry.npmjs.org/supports-preserve-symlinks-flag/-/supports-preserve-symlinks-flag-1.0.0.tgz. Extracting by manifest.
571 silly tarball no local data for strip-bom@https://registry.npmjs.org/strip-bom/-/strip-bom-3.0.0.tgz. Extracting by manifest.
572 silly tarball no local data for string.prototype.repeat@https://registry.npmjs.org/string.prototype.repeat/-/string.prototype.repeat-1.0.0.tgz. Extracting by manifest.
573 silly tarball no local data for string.prototype.trimend@https://registry.npmjs.org/string.prototype.trimend/-/string.prototype.trimend-1.0.9.tgz. Extracting by manifest.
574 silly tarball no local data for string.prototype.trim@https://registry.npmjs.org/string.prototype.trim/-/string.prototype.trim-1.2.10.tgz. Extracting by manifest.
575 silly tarball no local data for string.prototype.matchall@https://registry.npmjs.org/string.prototype.matchall/-/string.prototype.matchall-4.0.12.tgz. Extracting by manifest.
576 silly tarball no local data for string.prototype.includes@https://registry.npmjs.org/string.prototype.includes/-/string.prototype.includes-2.0.1.tgz. Extracting by manifest.
577 silly tarball no local data for stop-iteration-iterator@https://registry.npmjs.org/stop-iteration-iterator/-/stop-iteration-iterator-1.1.0.tgz. Extracting by manifest.
578 silly tarball no local data for sparse-bitfield@https://registry.npmjs.org/sparse-bitfield/-/sparse-bitfield-3.0.3.tgz. Extracting by manifest.
579 silly tarball no local data for stable-hash@https://registry.npmjs.org/stable-hash/-/stable-hash-0.0.5.tgz. Extracting by manifest.
580 silly tarball no local data for string.prototype.trimstart@https://registry.npmjs.org/string.prototype.trimstart/-/string.prototype.trimstart-1.0.8.tgz. Extracting by manifest.
581 silly tarball no local data for source-map-js@https://registry.npmjs.org/source-map-js/-/source-map-js-1.2.1.tgz. Extracting by manifest.
582 silly tarball no local data for simple-swizzle@https://registry.npmjs.org/simple-swizzle/-/simple-swizzle-0.2.2.tgz. Extracting by manifest.
583 silly tarball no local data for side-channel-list@https://registry.npmjs.org/side-channel-list/-/side-channel-list-1.0.0.tgz. Extracting by manifest.
584 silly tarball no local data for side-channel-weakmap@https://registry.npmjs.org/side-channel-weakmap/-/side-channel-weakmap-1.0.2.tgz. Extracting by manifest.
585 silly tarball no local data for side-channel@https://registry.npmjs.org/side-channel/-/side-channel-1.1.0.tgz. Extracting by manifest.
586 silly tarball no local data for side-channel-map@https://registry.npmjs.org/side-channel-map/-/side-channel-map-1.0.1.tgz. Extracting by manifest.
587 silly tarball no local data for shebang-regex@https://registry.npmjs.org/shebang-regex/-/shebang-regex-3.0.0.tgz. Extracting by manifest.
588 silly tarball no local data for sharp@https://registry.npmjs.org/sharp/-/sharp-0.34.3.tgz. Extracting by manifest.
589 silly tarball no local data for shebang-command@https://registry.npmjs.org/shebang-command/-/shebang-command-2.0.0.tgz. Extracting by manifest.
590 silly tarball no local data for set-proto@https://registry.npmjs.org/set-proto/-/set-proto-1.0.0.tgz. Extracting by manifest.
591 silly tarball no local data for set-function-name@https://registry.npmjs.org/set-function-name/-/set-function-name-2.0.2.tgz. Extracting by manifest.
592 silly tarball no local data for semver@https://registry.npmjs.org/semver/-/semver-7.7.2.tgz. Extracting by manifest.
593 silly tarball no local data for set-function-length@https://registry.npmjs.org/set-function-length/-/set-function-length-1.2.2.tgz. Extracting by manifest.
594 silly tarball no local data for scheduler@https://registry.npmjs.org/scheduler/-/scheduler-0.26.0.tgz. Extracting by manifest.
595 silly tarball no local data for safe-regex-test@https://registry.npmjs.org/safe-regex-test/-/safe-regex-test-1.1.0.tgz. Extracting by manifest.
596 silly tarball no local data for safe-push-apply@https://registry.npmjs.org/safe-push-apply/-/safe-push-apply-1.0.0.tgz. Extracting by manifest.
597 silly tarball no local data for safe-array-concat@https://registry.npmjs.org/safe-array-concat/-/safe-array-concat-1.1.3.tgz. Extracting by manifest.
598 silly tarball no local data for run-parallel@https://registry.npmjs.org/run-parallel/-/run-parallel-1.2.0.tgz. Extracting by manifest.
599 silly tarball no local data for reusify@https://registry.npmjs.org/reusify/-/reusify-1.1.0.tgz. Extracting by manifest.
600 silly tarball no local data for resolve-from@https://registry.npmjs.org/resolve-from/-/resolve-from-4.0.0.tgz. Extracting by manifest.
601 silly tarball no local data for resolve-pkg-maps@https://registry.npmjs.org/resolve-pkg-maps/-/resolve-pkg-maps-1.0.0.tgz. Extracting by manifest.
602 silly tarball no local data for reflect.getprototypeof@https://registry.npmjs.org/reflect.getprototypeof/-/reflect.getprototypeof-1.0.10.tgz. Extracting by manifest.
603 silly tarball no local data for react-dom@https://registry.npmjs.org/react-dom/-/react-dom-19.1.0.tgz. Extracting by manifest.
604 silly tarball no local data for react-is@https://registry.npmjs.org/react-is/-/react-is-16.13.1.tgz. Extracting by manifest.
605 silly tarball no local data for resolve@https://registry.npmjs.org/resolve/-/resolve-1.22.10.tgz. Extracting by manifest.
606 silly tarball no local data for regexp.prototype.flags@https://registry.npmjs.org/regexp.prototype.flags/-/regexp.prototype.flags-1.5.4.tgz. Extracting by manifest.
607 silly tarball no local data for sift@https://registry.npmjs.org/sift/-/sift-17.1.3.tgz. Extracting by manifest.
608 silly tarball no local data for punycode@https://registry.npmjs.org/punycode/-/punycode-2.3.1.tgz. Extracting by manifest.
609 silly tarball no local data for queue-microtask@https://registry.npmjs.org/queue-microtask/-/queue-microtask-1.2.3.tgz. Extracting by manifest.
610 silly tarball no local data for prelude-ls@https://registry.npmjs.org/prelude-ls/-/prelude-ls-1.2.1.tgz. Extracting by manifest.
611 silly tarball no local data for react@https://registry.npmjs.org/react/-/react-19.1.0.tgz. Extracting by manifest.
612 silly tarball no local data for pretty-format@https://registry.npmjs.org/pretty-format/-/pretty-format-3.8.0.tgz. Extracting by manifest.
613 silly tarball no local data for preact-render-to-string@https://registry.npmjs.org/preact-render-to-string/-/preact-render-to-string-5.2.6.tgz. Extracting by manifest.
614 silly tarball no local data for prop-types@https://registry.npmjs.org/prop-types/-/prop-types-15.8.1.tgz. Extracting by manifest.
615 silly tarball no local data for postcss@https://registry.npmjs.org/postcss/-/postcss-8.5.6.tgz. Extracting by manifest.
616 silly tarball no local data for picocolors@https://registry.npmjs.org/picocolors/-/picocolors-1.1.1.tgz. Extracting by manifest.
617 silly tarball no local data for preact@https://registry.npmjs.org/preact/-/preact-10.27.2.tgz. Extracting by manifest.
618 silly tarball no local data for path-key@https://registry.npmjs.org/path-key/-/path-key-3.1.1.tgz. Extracting by manifest.
619 silly tarball no local data for path-exists@https://registry.npmjs.org/path-exists/-/path-exists-4.0.0.tgz. Extracting by manifest.
620 silly tarball no local data for possible-typed-array-names@https://registry.npmjs.org/possible-typed-array-names/-/possible-typed-array-names-1.1.0.tgz. Extracting by manifest.
621 silly tarball no local data for parent-module@https://registry.npmjs.org/parent-module/-/parent-module-1.0.1.tgz. Extracting by manifest.
622 silly tarball no local data for p-limit@https://registry.npmjs.org/p-limit/-/p-limit-3.1.0.tgz. Extracting by manifest.
623 silly tarball no local data for p-locate@https://registry.npmjs.org/p-locate/-/p-locate-5.0.0.tgz. Extracting by manifest.
624 silly tarball no local data for path-parse@https://registry.npmjs.org/path-parse/-/path-parse-1.0.7.tgz. Extracting by manifest.
625 silly tarball no local data for optionator@https://registry.npmjs.org/optionator/-/optionator-0.9.4.tgz. Extracting by manifest.
626 silly tarball no local data for object.values@https://registry.npmjs.org/object.values/-/object.values-1.2.1.tgz. Extracting by manifest.
627 silly tarball no local data for own-keys@https://registry.npmjs.org/own-keys/-/own-keys-1.0.1.tgz. Extracting by manifest.
628 silly tarball no local data for object.fromentries@https://registry.npmjs.org/object.fromentries/-/object.fromentries-2.0.8.tgz. Extracting by manifest.
629 silly tarball no local data for oidc-token-hash@https://registry.npmjs.org/oidc-token-hash/-/oidc-token-hash-5.1.1.tgz. Extracting by manifest.
630 silly tarball no local data for object.groupby@https://registry.npmjs.org/object.groupby/-/object.groupby-1.0.3.tgz. Extracting by manifest.
631 silly tarball no local data for object.entries@https://registry.npmjs.org/object.entries/-/object.entries-1.1.9.tgz. Extracting by manifest.
632 silly tarball no local data for object.assign@https://registry.npmjs.org/object.assign/-/object.assign-4.1.7.tgz. Extracting by manifest.
633 silly tarball no local data for picomatch@https://registry.npmjs.org/picomatch/-/picomatch-2.3.1.tgz. Extracting by manifest.
634 silly tarball no local data for openid-client@https://registry.npmjs.org/openid-client/-/openid-client-5.7.1.tgz. Extracting by manifest.
635 silly tarball no local data for object-keys@https://registry.npmjs.org/object-keys/-/object-keys-1.1.1.tgz. Extracting by manifest.
636 silly tarball no local data for object-inspect@https://registry.npmjs.org/object-inspect/-/object-inspect-1.13.4.tgz. Extracting by manifest.
637 silly tarball no local data for object-assign@https://registry.npmjs.org/object-assign/-/object-assign-4.1.1.tgz. Extracting by manifest.
638 silly tarball no local data for proxy-from-env@https://registry.npmjs.org/proxy-from-env/-/proxy-from-env-1.1.0.tgz. Extracting by manifest.
639 silly tarball no local data for next@https://registry.npmjs.org/next/-/next-15.4.6.tgz. Extracting by manifest.
640 silly tarball no local data for oauth@https://registry.npmjs.org/oauth/-/oauth-0.9.15.tgz. Extracting by manifest.
641 silly tarball no local data for natural-compare@https://registry.npmjs.org/natural-compare/-/natural-compare-1.4.0.tgz. Extracting by manifest.
642 silly tarball no local data for napi-postinstall@https://registry.npmjs.org/napi-postinstall/-/napi-postinstall-0.3.2.tgz. Extracting by manifest.
643 silly tarball no local data for object-hash@https://registry.npmjs.org/object-hash/-/object-hash-2.2.0.tgz. Extracting by manifest.
644 silly tarball no local data for next-auth@https://registry.npmjs.org/next-auth/-/next-auth-4.24.11.tgz. Extracting by manifest.
645 silly tarball no local data for nanoid@https://registry.npmjs.org/nanoid/-/nanoid-3.3.11.tgz. Extracting by manifest.
646 silly tarball no local data for mpath@https://registry.npmjs.org/mpath/-/mpath-0.9.0.tgz. Extracting by manifest.
647 silly tarball no local data for mquery@https://registry.npmjs.org/mquery/-/mquery-5.0.0.tgz. Extracting by manifest.
648 silly tarball no local data for motion-utils@https://registry.npmjs.org/motion-utils/-/motion-utils-12.23.6.tgz. Extracting by manifest.
649 silly tarball no local data for motion-dom@https://registry.npmjs.org/motion-dom/-/motion-dom-12.23.12.tgz. Extracting by manifest.
650 silly tarball no local data for mongodb@https://registry.npmjs.org/mongodb/-/mongodb-6.18.0.tgz. Extracting by manifest.
651 silly tarball no local data for mongodb-connection-string-url@https://registry.npmjs.org/mongodb-connection-string-url/-/mongodb-connection-string-url-3.0.2.tgz. Extracting by manifest.
652 silly tarball no local data for mongoose@https://registry.npmjs.org/mongoose/-/mongoose-8.18.2.tgz. Extracting by manifest.
653 silly tarball no local data for mkdirp@https://registry.npmjs.org/mkdirp/-/mkdirp-3.0.1.tgz. Extracting by manifest.
654 silly tarball no local data for ms@https://registry.npmjs.org/ms/-/ms-2.1.3.tgz. Extracting by manifest.
655 silly tarball no local data for minipass@https://registry.npmjs.org/minipass/-/minipass-7.1.2.tgz. Extracting by manifest.
656 silly tarball no local data for minizlib@https://registry.npmjs.org/minizlib/-/minizlib-3.0.2.tgz. Extracting by manifest.
657 silly tarball no local data for minimist@https://registry.npmjs.org/minimist/-/minimist-1.2.8.tgz. Extracting by manifest.
658 silly tarball no local data for mime-types@https://registry.npmjs.org/mime-types/-/mime-types-2.1.35.tgz. Extracting by manifest.
659 silly tarball no local data for mime-db@https://registry.npmjs.org/mime-db/-/mime-db-1.52.0.tgz. Extracting by manifest.
660 silly tarball no local data for micromatch@https://registry.npmjs.org/micromatch/-/micromatch-4.0.8.tgz. Extracting by manifest.
661 silly tarball no local data for minimatch@https://registry.npmjs.org/minimatch/-/minimatch-3.1.2.tgz. Extracting by manifest.
662 silly tarball no local data for merge2@https://registry.npmjs.org/merge2/-/merge2-1.4.1.tgz. Extracting by manifest.
663 silly tarball no local data for memory-pager@https://registry.npmjs.org/memory-pager/-/memory-pager-1.5.0.tgz. Extracting by manifest.
664 silly tarball no local data for math-intrinsics@https://registry.npmjs.org/math-intrinsics/-/math-intrinsics-1.1.0.tgz. Extracting by manifest.
665 silly tarball no local data for lru-cache@https://registry.npmjs.org/lru-cache/-/lru-cache-6.0.0.tgz. Extracting by manifest.
666 silly tarball no local data for lucide-react@https://registry.npmjs.org/lucide-react/-/lucide-react-0.539.0.tgz. Extracting by manifest.
667 silly tarball no local data for lodash.merge@https://registry.npmjs.org/lodash.merge/-/lodash.merge-4.6.2.tgz. Extracting by manifest.
668 silly tarball no local data for loose-envify@https://registry.npmjs.org/loose-envify/-/loose-envify-1.4.0.tgz. Extracting by manifest.
669 silly tarball no local data for locate-path@https://registry.npmjs.org/locate-path/-/locate-path-6.0.0.tgz. Extracting by manifest.
670 silly tarball no local data for magic-string@https://registry.npmjs.org/magic-string/-/magic-string-0.30.17.tgz. Extracting by manifest.
671 silly tarball no local data for lightningcss@https://registry.npmjs.org/lightningcss/-/lightningcss-1.30.1.tgz. Extracting by manifest.
672 silly tarball no local data for levn@https://registry.npmjs.org/levn/-/levn-0.4.1.tgz. Extracting by manifest.
673 silly tarball no local data for language-tags@https://registry.npmjs.org/language-tags/-/language-tags-1.0.9.tgz. Extracting by manifest.
674 silly tarball no local data for keyv@https://registry.npmjs.org/keyv/-/keyv-4.5.4.tgz. Extracting by manifest.
675 silly tarball no local data for language-subtag-registry@https://registry.npmjs.org/language-subtag-registry/-/language-subtag-registry-0.3.23.tgz. Extracting by manifest.
676 silly tarball no local data for jsx-ast-utils@https://registry.npmjs.org/jsx-ast-utils/-/jsx-ast-utils-3.3.5.tgz. Extracting by manifest.
677 silly tarball no local data for json-stable-stringify-without-jsonify@https://registry.npmjs.org/json-stable-stringify-without-jsonify/-/json-stable-stringify-without-jsonify-1.0.1.tgz. Extracting by manifest.
678 silly tarball no local data for json-schema-traverse@https://registry.npmjs.org/json-schema-traverse/-/json-schema-traverse-0.4.1.tgz. Extracting by manifest.
679 silly tarball no local data for json5@https://registry.npmjs.org/json5/-/json5-1.0.2.tgz. Extracting by manifest.
680 silly tarball no local data for json-buffer@https://registry.npmjs.org/json-buffer/-/json-buffer-3.0.1.tgz. Extracting by manifest.
681 silly tarball no local data for js-yaml@https://registry.npmjs.org/js-yaml/-/js-yaml-4.1.0.tgz. Extracting by manifest.
682 silly tarball no local data for jose@https://registry.npmjs.org/jose/-/jose-4.15.9.tgz. Extracting by manifest.
683 silly tarball no local data for js-tokens@https://registry.npmjs.org/js-tokens/-/js-tokens-4.0.0.tgz. Extracting by manifest.
684 silly tarball no local data for iterator.prototype@https://registry.npmjs.org/iterator.prototype/-/iterator.prototype-1.1.5.tgz. Extracting by manifest.
685 silly tarball no local data for lightningcss-darwin-arm64@https://registry.npmjs.org/lightningcss-darwin-arm64/-/lightningcss-darwin-arm64-1.30.1.tgz. Extracting by manifest.
686 silly tarball no local data for isexe@https://registry.npmjs.org/isexe/-/isexe-2.0.0.tgz. Extracting by manifest.
687 silly tarball no local data for kareem@https://registry.npmjs.org/kareem/-/kareem-2.6.3.tgz. Extracting by manifest.
688 silly tarball no local data for jiti@https://registry.npmjs.org/jiti/-/jiti-2.5.1.tgz. Extracting by manifest.
689 silly tarball no local data for is-weakref@https://registry.npmjs.org/is-weakref/-/is-weakref-1.1.1.tgz. Extracting by manifest.
690 silly tarball no local data for isarray@https://registry.npmjs.org/isarray/-/isarray-2.0.5.tgz. Extracting by manifest.
691 silly tarball no local data for is-weakmap@https://registry.npmjs.org/is-weakmap/-/is-weakmap-2.0.2.tgz. Extracting by manifest.
692 silly tarball no local data for is-symbol@https://registry.npmjs.org/is-symbol/-/is-symbol-1.1.1.tgz. Extracting by manifest.
693 silly tarball no local data for is-typed-array@https://registry.npmjs.org/is-typed-array/-/is-typed-array-1.1.15.tgz. Extracting by manifest.
694 silly tarball no local data for is-shared-array-buffer@https://registry.npmjs.org/is-shared-array-buffer/-/is-shared-array-buffer-1.0.4.tgz. Extracting by manifest.
695 silly tarball no local data for is-weakset@https://registry.npmjs.org/is-weakset/-/is-weakset-2.0.4.tgz. Extracting by manifest.
696 silly tarball no local data for is-number-object@https://registry.npmjs.org/is-number-object/-/is-number-object-1.1.1.tgz. Extracting by manifest.
697 silly tarball no local data for is-string@https://registry.npmjs.org/is-string/-/is-string-1.1.1.tgz. Extracting by manifest.
698 silly tarball no local data for is-regex@https://registry.npmjs.org/is-regex/-/is-regex-1.2.1.tgz. Extracting by manifest.
699 silly tarball no local data for is-number@https://registry.npmjs.org/is-number/-/is-number-7.0.0.tgz. Extracting by manifest.
700 silly tarball no local data for is-glob@https://registry.npmjs.org/is-glob/-/is-glob-4.0.3.tgz. Extracting by manifest.
701 silly tarball no local data for is-set@https://registry.npmjs.org/is-set/-/is-set-2.0.3.tgz. Extracting by manifest.
702 silly tarball no local data for is-negative-zero@https://registry.npmjs.org/is-negative-zero/-/is-negative-zero-2.0.3.tgz. Extracting by manifest.
703 silly tarball no local data for is-generator-function@https://registry.npmjs.org/is-generator-function/-/is-generator-function-1.1.0.tgz. Extracting by manifest.
704 silly tarball no local data for is-extglob@https://registry.npmjs.org/is-extglob/-/is-extglob-2.1.1.tgz. Extracting by manifest.
705 silly tarball no local data for is-data-view@https://registry.npmjs.org/is-data-view/-/is-data-view-1.0.2.tgz. Extracting by manifest.
706 silly tarball no local data for is-map@https://registry.npmjs.org/is-map/-/is-map-2.0.3.tgz. Extracting by manifest.
707 silly tarball no local data for is-date-object@https://registry.npmjs.org/is-date-object/-/is-date-object-1.1.0.tgz. Extracting by manifest.
708 silly tarball no local data for is-core-module@https://registry.npmjs.org/is-core-module/-/is-core-module-2.16.1.tgz. Extracting by manifest.
709 silly tarball no local data for is-callable@https://registry.npmjs.org/is-callable/-/is-callable-1.2.7.tgz. Extracting by manifest.
710 silly tarball no local data for is-bun-module@https://registry.npmjs.org/is-bun-module/-/is-bun-module-2.0.0.tgz. Extracting by manifest.
711 silly tarball no local data for is-finalizationregistry@https://registry.npmjs.org/is-finalizationregistry/-/is-finalizationregistry-1.1.1.tgz. Extracting by manifest.
712 silly tarball no local data for is-boolean-object@https://registry.npmjs.org/is-boolean-object/-/is-boolean-object-1.2.2.tgz. Extracting by manifest.
713 silly tarball no local data for is-bigint@https://registry.npmjs.org/is-bigint/-/is-bigint-1.1.0.tgz. Extracting by manifest.
714 silly tarball no local data for is-async-function@https://registry.npmjs.org/is-async-function/-/is-async-function-2.1.1.tgz. Extracting by manifest.
715 silly tarball no local data for is-array-buffer@https://registry.npmjs.org/is-array-buffer/-/is-array-buffer-3.0.5.tgz. Extracting by manifest.
716 silly tarball no local data for is-arrayish@https://registry.npmjs.org/is-arrayish/-/is-arrayish-0.3.2.tgz. Extracting by manifest.
717 silly tarball no local data for internal-slot@https://registry.npmjs.org/internal-slot/-/internal-slot-1.1.0.tgz. Extracting by manifest.
718 silly tarball no local data for imurmurhash@https://registry.npmjs.org/imurmurhash/-/imurmurhash-0.1.4.tgz. Extracting by manifest.
719 silly tarball no local data for import-fresh@https://registry.npmjs.org/import-fresh/-/import-fresh-3.3.1.tgz. Extracting by manifest.
720 silly tarball no local data for hasown@https://registry.npmjs.org/hasown/-/hasown-2.0.2.tgz. Extracting by manifest.
721 silly tarball no local data for ignore@https://registry.npmjs.org/ignore/-/ignore-5.3.2.tgz. Extracting by manifest.
722 silly tarball no local data for has-tostringtag@https://registry.npmjs.org/has-tostringtag/-/has-tostringtag-1.0.2.tgz. Extracting by manifest.
723 silly tarball no local data for has-proto@https://registry.npmjs.org/has-proto/-/has-proto-1.2.0.tgz. Extracting by manifest.
724 silly tarball no local data for has-symbols@https://registry.npmjs.org/has-symbols/-/has-symbols-1.1.0.tgz. Extracting by manifest.
725 silly tarball no local data for has-property-descriptors@https://registry.npmjs.org/has-property-descriptors/-/has-property-descriptors-1.0.2.tgz. Extracting by manifest.
726 silly tarball no local data for has-flag@https://registry.npmjs.org/has-flag/-/has-flag-4.0.0.tgz. Extracting by manifest.
727 silly tarball no local data for has-bigints@https://registry.npmjs.org/has-bigints/-/has-bigints-1.1.0.tgz. Extracting by manifest.
728 silly tarball no local data for gsap@https://registry.npmjs.org/gsap/-/gsap-3.13.0.tgz. Extracting by manifest.
729 silly tarball no local data for graceful-fs@https://registry.npmjs.org/graceful-fs/-/graceful-fs-4.2.11.tgz. Extracting by manifest.
730 silly tarball no local data for gopd@https://registry.npmjs.org/gopd/-/gopd-1.2.0.tgz. Extracting by manifest.
731 silly tarball no local data for globalthis@https://registry.npmjs.org/globalthis/-/globalthis-1.0.4.tgz. Extracting by manifest.
732 silly tarball no local data for globals@https://registry.npmjs.org/globals/-/globals-14.0.0.tgz. Extracting by manifest.
733 silly tarball no local data for glob-parent@https://registry.npmjs.org/glob-parent/-/glob-parent-6.0.2.tgz. Extracting by manifest.
734 silly tarball no local data for get-tsconfig@https://registry.npmjs.org/get-tsconfig/-/get-tsconfig-4.10.1.tgz. Extracting by manifest.
735 silly tarball no local data for get-symbol-description@https://registry.npmjs.org/get-symbol-description/-/get-symbol-description-1.1.0.tgz. Extracting by manifest.
736 silly tarball no local data for get-proto@https://registry.npmjs.org/get-proto/-/get-proto-1.0.1.tgz. Extracting by manifest.
737 silly tarball no local data for get-intrinsic@https://registry.npmjs.org/get-intrinsic/-/get-intrinsic-1.3.0.tgz. Extracting by manifest.
738 silly tarball no local data for functions-have-names@https://registry.npmjs.org/functions-have-names/-/functions-have-names-1.2.3.tgz. Extracting by manifest.
739 silly tarball no local data for function.prototype.name@https://registry.npmjs.org/function.prototype.name/-/function.prototype.name-1.1.8.tgz. Extracting by manifest.
740 silly tarball no local data for function-bind@https://registry.npmjs.org/function-bind/-/function-bind-1.1.2.tgz. Extracting by manifest.
741 silly tarball no local data for framer-motion@https://registry.npmjs.org/framer-motion/-/framer-motion-12.23.12.tgz. Extracting by manifest.
742 silly tarball no local data for form-data@https://registry.npmjs.org/form-data/-/form-data-4.0.4.tgz. Extracting by manifest.
743 silly tarball no local data for for-each@https://registry.npmjs.org/for-each/-/for-each-0.3.5.tgz. Extracting by manifest.
744 silly tarball no local data for follow-redirects@https://registry.npmjs.org/follow-redirects/-/follow-redirects-1.15.11.tgz. Extracting by manifest.
745 silly tarball no local data for flatted@https://registry.npmjs.org/flatted/-/flatted-3.3.3.tgz. Extracting by manifest.
746 silly tarball no local data for flat-cache@https://registry.npmjs.org/flat-cache/-/flat-cache-4.0.1.tgz. Extracting by manifest.
747 silly tarball no local data for find-up@https://registry.npmjs.org/find-up/-/find-up-5.0.0.tgz. Extracting by manifest.
748 silly tarball no local data for file-entry-cache@https://registry.npmjs.org/file-entry-cache/-/file-entry-cache-8.0.0.tgz. Extracting by manifest.
749 silly tarball no local data for fill-range@https://registry.npmjs.org/fill-range/-/fill-range-7.1.1.tgz. Extracting by manifest.
750 silly tarball no local data for fastq@https://registry.npmjs.org/fastq/-/fastq-1.19.1.tgz. Extracting by manifest.
751 silly tarball no local data for fast-levenshtein@https://registry.npmjs.org/fast-levenshtein/-/fast-levenshtein-2.0.6.tgz. Extracting by manifest.
752 silly tarball no local data for fast-json-stable-stringify@https://registry.npmjs.org/fast-json-stable-stringify/-/fast-json-stable-stringify-2.1.0.tgz. Extracting by manifest.
753 silly tarball no local data for fast-glob@https://registry.npmjs.org/fast-glob/-/fast-glob-3.3.1.tgz. Extracting by manifest.
754 silly tarball no local data for estraverse@https://registry.npmjs.org/estraverse/-/estraverse-5.3.0.tgz. Extracting by manifest.
755 silly tarball no local data for esutils@https://registry.npmjs.org/esutils/-/esutils-2.0.3.tgz. Extracting by manifest.
756 silly tarball no local data for esrecurse@https://registry.npmjs.org/esrecurse/-/esrecurse-4.3.0.tgz. Extracting by manifest.
757 silly tarball no local data for espree@https://registry.npmjs.org/espree/-/espree-10.4.0.tgz. Extracting by manifest.
758 silly tarball no local data for eslint-visitor-keys@https://registry.npmjs.org/eslint-visitor-keys/-/eslint-visitor-keys-4.2.1.tgz. Extracting by manifest.
759 silly tarball no local data for esquery@https://registry.npmjs.org/esquery/-/esquery-1.6.0.tgz. Extracting by manifest.
760 silly tarball no local data for eslint-scope@https://registry.npmjs.org/eslint-scope/-/eslint-scope-8.4.0.tgz. Extracting by manifest.
761 silly tarball no local data for eslint-plugin-react@https://registry.npmjs.org/eslint-plugin-react/-/eslint-plugin-react-7.37.5.tgz. Extracting by manifest.
762 silly tarball no local data for eslint-plugin-react-hooks@https://registry.npmjs.org/eslint-plugin-react-hooks/-/eslint-plugin-react-hooks-5.2.0.tgz. Extracting by manifest.
763 silly tarball no local data for eslint-plugin-jsx-a11y@https://registry.npmjs.org/eslint-plugin-jsx-a11y/-/eslint-plugin-jsx-a11y-6.10.2.tgz. Extracting by manifest.
764 silly tarball no local data for eslint-module-utils@https://registry.npmjs.org/eslint-module-utils/-/eslint-module-utils-2.12.1.tgz. Extracting by manifest.
765 silly tarball no local data for eslint-plugin-import@https://registry.npmjs.org/eslint-plugin-import/-/eslint-plugin-import-2.32.0.tgz. Extracting by manifest.
766 silly tarball no local data for eslint-import-resolver-typescript@https://registry.npmjs.org/eslint-import-resolver-typescript/-/eslint-import-resolver-typescript-3.10.1.tgz. Extracting by manifest.
767 silly tarball no local data for eslint@https://registry.npmjs.org/eslint/-/eslint-9.32.0.tgz. Extracting by manifest.
768 silly tarball no local data for eslint-import-resolver-node@https://registry.npmjs.org/eslint-import-resolver-node/-/eslint-import-resolver-node-0.3.9.tgz. Extracting by manifest.
769 silly tarball no local data for eslint-config-next@https://registry.npmjs.org/eslint-config-next/-/eslint-config-next-15.4.6.tgz. Extracting by manifest.
770 silly tarball no local data for fast-deep-equal@https://registry.npmjs.org/fast-deep-equal/-/fast-deep-equal-3.1.3.tgz. Extracting by manifest.
771 silly tarball no local data for es-to-primitive@https://registry.npmjs.org/es-to-primitive/-/es-to-primitive-1.3.0.tgz. Extracting by manifest.
772 silly tarball no local data for escape-string-regexp@https://registry.npmjs.org/escape-string-regexp/-/escape-string-regexp-4.0.0.tgz. Extracting by manifest.
773 silly tarball no local data for es-shim-unscopables@https://registry.npmjs.org/es-shim-unscopables/-/es-shim-unscopables-1.1.0.tgz. Extracting by manifest.
774 silly tarball no local data for es-object-atoms@https://registry.npmjs.org/es-object-atoms/-/es-object-atoms-1.1.1.tgz. Extracting by manifest.
775 silly tarball no local data for es-set-tostringtag@https://registry.npmjs.org/es-set-tostringtag/-/es-set-tostringtag-2.1.0.tgz. Extracting by manifest.
776 silly tarball no local data for es-errors@https://registry.npmjs.org/es-errors/-/es-errors-1.3.0.tgz. Extracting by manifest.
777 silly tarball no local data for es-iterator-helpers@https://registry.npmjs.org/es-iterator-helpers/-/es-iterator-helpers-1.2.1.tgz. Extracting by manifest.
778 silly tarball no local data for enhanced-resolve@https://registry.npmjs.org/enhanced-resolve/-/enhanced-resolve-5.18.3.tgz. Extracting by manifest.
779 silly tarball no local data for dunder-proto@https://registry.npmjs.org/dunder-proto/-/dunder-proto-1.0.1.tgz. Extracting by manifest.
780 silly tarball no local data for es-abstract@https://registry.npmjs.org/es-abstract/-/es-abstract-1.24.0.tgz. Extracting by manifest.
781 silly tarball no local data for graphemer@https://registry.npmjs.org/graphemer/-/graphemer-1.4.0.tgz. Extracting by manifest.
782 silly tarball no local data for emoji-regex@https://registry.npmjs.org/emoji-regex/-/emoji-regex-9.2.2.tgz. Extracting by manifest.
783 silly tarball no local data for doctrine@https://registry.npmjs.org/doctrine/-/doctrine-2.1.0.tgz. Extracting by manifest.
784 silly tarball no local data for detect-libc@https://registry.npmjs.org/detect-libc/-/detect-libc-2.0.4.tgz. Extracting by manifest.
785 silly tarball no local data for delayed-stream@https://registry.npmjs.org/delayed-stream/-/delayed-stream-1.0.0.tgz. Extracting by manifest.
786 silly tarball no local data for es-define-property@https://registry.npmjs.org/es-define-property/-/es-define-property-1.0.1.tgz. Extracting by manifest.
787 silly tarball no local data for debug@https://registry.npmjs.org/debug/-/debug-4.4.1.tgz. Extracting by manifest.
788 silly tarball no local data for define-properties@https://registry.npmjs.org/define-properties/-/define-properties-1.2.1.tgz. Extracting by manifest.
789 silly tarball no local data for define-data-property@https://registry.npmjs.org/define-data-property/-/define-data-property-1.1.4.tgz. Extracting by manifest.
790 silly tarball no local data for data-view-byte-offset@https://registry.npmjs.org/data-view-byte-offset/-/data-view-byte-offset-1.0.1.tgz. Extracting by manifest.
791 silly tarball no local data for data-view-byte-length@https://registry.npmjs.org/data-view-byte-length/-/data-view-byte-length-1.0.2.tgz. Extracting by manifest.
792 silly tarball no local data for data-view-buffer@https://registry.npmjs.org/data-view-buffer/-/data-view-buffer-1.0.2.tgz. Extracting by manifest.
793 silly tarball no local data for deep-is@https://registry.npmjs.org/deep-is/-/deep-is-0.1.4.tgz. Extracting by manifest.
794 silly tarball no local data for cookie@https://registry.npmjs.org/cookie/-/cookie-0.7.2.tgz. Extracting by manifest.
795 silly tarball no local data for csstype@https://registry.npmjs.org/csstype/-/csstype-3.1.3.tgz. Extracting by manifest.
796 silly tarball no local data for cross-spawn@https://registry.npmjs.org/cross-spawn/-/cross-spawn-7.0.6.tgz. Extracting by manifest.
797 silly tarball no local data for damerau-levenshtein@https://registry.npmjs.org/damerau-levenshtein/-/damerau-levenshtein-1.0.8.tgz. Extracting by manifest.
798 silly tarball no local data for color-string@https://registry.npmjs.org/color-string/-/color-string-1.9.1.tgz. Extracting by manifest.
799 silly tarball no local data for color@https://registry.npmjs.org/color/-/color-4.2.3.tgz. Extracting by manifest.
800 silly tarball no local data for clsx@https://registry.npmjs.org/clsx/-/clsx-2.1.1.tgz. Extracting by manifest.
801 silly tarball no local data for concat-map@https://registry.npmjs.org/concat-map/-/concat-map-0.0.1.tgz. Extracting by manifest.
802 silly tarball no local data for color-convert@https://registry.npmjs.org/color-convert/-/color-convert-2.0.1.tgz. Extracting by manifest.
803 silly tarball no local data for combined-stream@https://registry.npmjs.org/combined-stream/-/combined-stream-1.0.8.tgz. Extracting by manifest.
804 silly tarball no local data for client-only@https://registry.npmjs.org/client-only/-/client-only-0.0.1.tgz. Extracting by manifest.
805 silly tarball no local data for caniuse-lite@https://registry.npmjs.org/caniuse-lite/-/caniuse-lite-1.0.30001733.tgz. Extracting by manifest.
806 silly tarball no local data for color-name@https://registry.npmjs.org/color-name/-/color-name-1.1.4.tgz. Extracting by manifest.
807 silly tarball no local data for call-bound@https://registry.npmjs.org/call-bound/-/call-bound-1.0.4.tgz. Extracting by manifest.
808 silly tarball no local data for chownr@https://registry.npmjs.org/chownr/-/chownr-3.0.0.tgz. Extracting by manifest.
809 silly tarball no local data for callsites@https://registry.npmjs.org/callsites/-/callsites-3.1.0.tgz. Extracting by manifest.
810 silly tarball no local data for call-bind@https://registry.npmjs.org/call-bind/-/call-bind-1.0.8.tgz. Extracting by manifest.
811 silly tarball no local data for call-bind-apply-helpers@https://registry.npmjs.org/call-bind-apply-helpers/-/call-bind-apply-helpers-1.0.2.tgz. Extracting by manifest.
812 silly tarball no local data for bson@https://registry.npmjs.org/bson/-/bson-6.10.4.tgz. Extracting by manifest.
813 silly tarball no local data for braces@https://registry.npmjs.org/braces/-/braces-3.0.3.tgz. Extracting by manifest.
814 silly tarball no local data for chalk@https://registry.npmjs.org/chalk/-/chalk-4.1.2.tgz. Extracting by manifest.
815 silly tarball no local data for brace-expansion@https://registry.npmjs.org/brace-expansion/-/brace-expansion-1.1.12.tgz. Extracting by manifest.
816 silly tarball no local data for balanced-match@https://registry.npmjs.org/balanced-match/-/balanced-match-1.0.2.tgz. Extracting by manifest.
817 silly tarball no local data for axios@https://registry.npmjs.org/axios/-/axios-1.12.2.tgz. Extracting by manifest.
818 silly tarball no local data for axobject-query@https://registry.npmjs.org/axobject-query/-/axobject-query-4.1.0.tgz. Extracting by manifest.
819 silly tarball no local data for axe-core@https://registry.npmjs.org/axe-core/-/axe-core-4.10.3.tgz. Extracting by manifest.
820 silly tarball no local data for available-typed-arrays@https://registry.npmjs.org/available-typed-arrays/-/available-typed-arrays-1.0.7.tgz. Extracting by manifest.
821 silly tarball no local data for async-function@https://registry.npmjs.org/async-function/-/async-function-1.0.0.tgz. Extracting by manifest.
822 silly tarball no local data for ast-types-flow@https://registry.npmjs.org/ast-types-flow/-/ast-types-flow-0.0.8.tgz. Extracting by manifest.
823 silly tarball no local data for arraybuffer.prototype.slice@https://registry.npmjs.org/arraybuffer.prototype.slice/-/arraybuffer.prototype.slice-1.0.4.tgz. Extracting by manifest.
824 silly tarball no local data for array.prototype.tosorted@https://registry.npmjs.org/array.prototype.tosorted/-/array.prototype.tosorted-1.1.4.tgz. Extracting by manifest.
825 silly tarball no local data for array.prototype.flat@https://registry.npmjs.org/array.prototype.flat/-/array.prototype.flat-1.3.3.tgz. Extracting by manifest.
826 silly tarball no local data for array.prototype.flatmap@https://registry.npmjs.org/array.prototype.flatmap/-/array.prototype.flatmap-1.3.3.tgz. Extracting by manifest.
827 silly tarball no local data for array.prototype.findlastindex@https://registry.npmjs.org/array.prototype.findlastindex/-/array.prototype.findlastindex-1.2.6.tgz. Extracting by manifest.
828 silly tarball no local data for array.prototype.findlast@https://registry.npmjs.org/array.prototype.findlast/-/array.prototype.findlast-1.2.5.tgz. Extracting by manifest.
829 silly tarball no local data for array-includes@https://registry.npmjs.org/array-includes/-/array-includes-3.1.9.tgz. Extracting by manifest.
830 silly tarball no local data for asynckit@https://registry.npmjs.org/asynckit/-/asynckit-0.4.0.tgz. Extracting by manifest.
831 silly tarball no local data for array-buffer-byte-length@https://registry.npmjs.org/array-buffer-byte-length/-/array-buffer-byte-length-1.0.2.tgz. Extracting by manifest.
832 silly tarball no local data for argparse@https://registry.npmjs.org/argparse/-/argparse-2.0.1.tgz. Extracting by manifest.
833 silly tarball no local data for aria-query@https://registry.npmjs.org/aria-query/-/aria-query-5.3.2.tgz. Extracting by manifest.
834 silly tarball no local data for animejs@https://registry.npmjs.org/animejs/-/animejs-4.1.3.tgz. Extracting by manifest.
835 silly tarball no local data for ansi-styles@https://registry.npmjs.org/ansi-styles/-/ansi-styles-4.3.0.tgz. Extracting by manifest.
836 silly tarball no local data for ajv@https://registry.npmjs.org/ajv/-/ajv-6.12.6.tgz. Extracting by manifest.
837 silly tarball no local data for acorn-jsx@https://registry.npmjs.org/acorn-jsx/-/acorn-jsx-5.3.2.tgz. Extracting by manifest.
838 silly tarball no local data for acorn@https://registry.npmjs.org/acorn/-/acorn-8.15.0.tgz. Extracting by manifest.
839 silly tarball no local data for @typescript-eslint/visitor-keys@https://registry.npmjs.org/@typescript-eslint/visitor-keys/-/visitor-keys-8.39.0.tgz. Extracting by manifest.
840 silly tarball no local data for @unrs/resolver-binding-darwin-arm64@https://registry.npmjs.org/@unrs/resolver-binding-darwin-arm64/-/resolver-binding-darwin-arm64-1.11.1.tgz. Extracting by manifest.
841 silly tarball no local data for @typescript-eslint/utils@https://registry.npmjs.org/@typescript-eslint/utils/-/utils-8.39.0.tgz. Extracting by manifest.
842 silly tarball no local data for @typescript-eslint/types@https://registry.npmjs.org/@typescript-eslint/types/-/types-8.39.0.tgz. Extracting by manifest.
843 silly tarball no local data for @typescript-eslint/typescript-estree@https://registry.npmjs.org/@typescript-eslint/typescript-estree/-/typescript-estree-8.39.0.tgz. Extracting by manifest.
844 silly tarball no local data for @typescript-eslint/tsconfig-utils@https://registry.npmjs.org/@typescript-eslint/tsconfig-utils/-/tsconfig-utils-8.39.0.tgz. Extracting by manifest.
845 silly tarball no local data for @typescript-eslint/project-service@https://registry.npmjs.org/@typescript-eslint/project-service/-/project-service-8.39.0.tgz. Extracting by manifest.
846 silly tarball no local data for @typescript-eslint/scope-manager@https://registry.npmjs.org/@typescript-eslint/scope-manager/-/scope-manager-8.39.0.tgz. Extracting by manifest.
847 silly tarball no local data for @typescript-eslint/parser@https://registry.npmjs.org/@typescript-eslint/parser/-/parser-8.39.0.tgz. Extracting by manifest.
848 silly tarball no local data for @types/whatwg-url@https://registry.npmjs.org/@types/whatwg-url/-/whatwg-url-11.0.5.tgz. Extracting by manifest.
849 silly tarball no local data for @types/webidl-conversions@https://registry.npmjs.org/@types/webidl-conversions/-/webidl-conversions-7.0.3.tgz. Extracting by manifest.
850 silly tarball no local data for @types/react-dom@https://registry.npmjs.org/@types/react-dom/-/react-dom-19.1.7.tgz. Extracting by manifest.
851 silly tarball no local data for @typescript-eslint/type-utils@https://registry.npmjs.org/@typescript-eslint/type-utils/-/type-utils-8.39.0.tgz. Extracting by manifest.
852 silly tarball no local data for @types/node@https://registry.npmjs.org/@types/node/-/node-20.19.9.tgz. Extracting by manifest.
853 silly tarball no local data for @typescript-eslint/eslint-plugin@https://registry.npmjs.org/@typescript-eslint/eslint-plugin/-/eslint-plugin-8.39.0.tgz. Extracting by manifest.
854 silly tarball no local data for @types/react@https://registry.npmjs.org/@types/react/-/react-19.1.9.tgz. Extracting by manifest.
855 silly tarball no local data for @types/json5@https://registry.npmjs.org/@types/json5/-/json5-0.0.29.tgz. Extracting by manifest.
856 silly tarball no local data for @types/estree@https://registry.npmjs.org/@types/estree/-/estree-1.0.8.tgz. Extracting by manifest.
857 silly tarball no local data for @types/json-schema@https://registry.npmjs.org/@types/json-schema/-/json-schema-7.0.15.tgz. Extracting by manifest.
858 silly tarball no local data for @tailwindcss/postcss@https://registry.npmjs.org/@tailwindcss/postcss/-/postcss-4.1.11.tgz. Extracting by manifest.
859 silly tarball no local data for @tybys/wasm-util@https://registry.npmjs.org/@tybys/wasm-util/-/wasm-util-0.10.0.tgz. Extracting by manifest.
860 silly tarball no local data for @tailwindcss/oxide@https://registry.npmjs.org/@tailwindcss/oxide/-/oxide-4.1.11.tgz. Extracting by manifest.
861 silly tarball no local data for @tailwindcss/oxide-darwin-arm64@https://registry.npmjs.org/@tailwindcss/oxide-darwin-arm64/-/oxide-darwin-arm64-4.1.11.tgz. Extracting by manifest.
862 silly tarball no local data for @swc/helpers@https://registry.npmjs.org/@swc/helpers/-/helpers-0.5.15.tgz. Extracting by manifest.
863 silly tarball no local data for @rushstack/eslint-patch@https://registry.npmjs.org/@rushstack/eslint-patch/-/eslint-patch-1.12.0.tgz. Extracting by manifest.
864 silly tarball no local data for @rtsao/scc@https://registry.npmjs.org/@rtsao/scc/-/scc-1.1.0.tgz. Extracting by manifest.
865 silly tarball no local data for @nodelib/fs.walk@https://registry.npmjs.org/@nodelib/fs.walk/-/fs.walk-1.2.8.tgz. Extracting by manifest.
866 silly tarball no local data for @nolyfill/is-core-module@https://registry.npmjs.org/@nolyfill/is-core-module/-/is-core-module-1.0.39.tgz. Extracting by manifest.
867 silly tarball no local data for @nodelib/fs.stat@https://registry.npmjs.org/@nodelib/fs.stat/-/fs.stat-2.0.5.tgz. Extracting by manifest.
868 silly tarball no local data for @nodelib/fs.scandir@https://registry.npmjs.org/@nodelib/fs.scandir/-/fs.scandir-2.1.5.tgz. Extracting by manifest.
869 silly tarball no local data for @panva/hkdf@https://registry.npmjs.org/@panva/hkdf/-/hkdf-1.2.1.tgz. Extracting by manifest.
870 silly tarball no local data for @next/swc-darwin-arm64@https://registry.npmjs.org/@next/swc-darwin-arm64/-/swc-darwin-arm64-15.4.6.tgz. Extracting by manifest.
871 silly tarball no local data for @next/env@https://registry.npmjs.org/@next/env/-/env-15.4.6.tgz. Extracting by manifest.
872 silly tarball no local data for @next/eslint-plugin-next@https://registry.npmjs.org/@next/eslint-plugin-next/-/eslint-plugin-next-15.4.6.tgz. Extracting by manifest.
873 silly tarball no local data for @mongodb-js/saslprep@https://registry.npmjs.org/@mongodb-js/saslprep/-/saslprep-1.3.0.tgz. Extracting by manifest.
874 silly tarball no local data for @napi-rs/wasm-runtime@https://registry.npmjs.org/@napi-rs/wasm-runtime/-/wasm-runtime-0.2.12.tgz. Extracting by manifest.
875 silly tarball no local data for @jridgewell/sourcemap-codec@https://registry.npmjs.org/@jridgewell/sourcemap-codec/-/sourcemap-codec-1.5.4.tgz. Extracting by manifest.
876 silly tarball no local data for @jridgewell/trace-mapping@https://registry.npmjs.org/@jridgewell/trace-mapping/-/trace-mapping-0.3.29.tgz. Extracting by manifest.
877 silly tarball no local data for @isaacs/fs-minipass@https://registry.npmjs.org/@isaacs/fs-minipass/-/fs-minipass-4.0.1.tgz. Extracting by manifest.
878 silly tarball no local data for @jridgewell/gen-mapping@https://registry.npmjs.org/@jridgewell/gen-mapping/-/gen-mapping-0.3.12.tgz. Extracting by manifest.
879 silly tarball no local data for @img/sharp-libvips-darwin-arm64@https://registry.npmjs.org/@img/sharp-libvips-darwin-arm64/-/sharp-libvips-darwin-arm64-1.2.0.tgz. Extracting by manifest.
880 silly tarball no local data for @humanwhocodes/retry@https://registry.npmjs.org/@humanwhocodes/retry/-/retry-0.4.3.tgz. Extracting by manifest.
881 silly tarball no local data for @jridgewell/resolve-uri@https://registry.npmjs.org/@jridgewell/resolve-uri/-/resolve-uri-3.1.2.tgz. Extracting by manifest.
882 silly tarball no local data for @humanwhocodes/module-importer@https://registry.npmjs.org/@humanwhocodes/module-importer/-/module-importer-1.0.1.tgz. Extracting by manifest.
883 silly tarball no local data for @humanfs/node@https://registry.npmjs.org/@humanfs/node/-/node-0.16.6.tgz. Extracting by manifest.
884 silly tarball no local data for @tailwindcss/node@https://registry.npmjs.org/@tailwindcss/node/-/node-4.1.11.tgz. Extracting by manifest.
885 silly tarball no local data for @floating-ui/utils@https://registry.npmjs.org/@floating-ui/utils/-/utils-0.2.10.tgz. Extracting by manifest.
886 silly tarball no local data for @humanfs/core@https://registry.npmjs.org/@humanfs/core/-/core-0.19.1.tgz. Extracting by manifest.
887 silly tarball no local data for @floating-ui/react-dom@https://registry.npmjs.org/@floating-ui/react-dom/-/react-dom-2.1.5.tgz. Extracting by manifest.
888 silly tarball no local data for @img/sharp-darwin-arm64@https://registry.npmjs.org/@img/sharp-darwin-arm64/-/sharp-darwin-arm64-0.34.3.tgz. Extracting by manifest.
889 silly tarball no local data for @floating-ui/dom@https://registry.npmjs.org/@floating-ui/dom/-/dom-1.7.3.tgz. Extracting by manifest.
890 silly tarball no local data for @floating-ui/core@https://registry.npmjs.org/@floating-ui/core/-/core-1.7.3.tgz. Extracting by manifest.
891 silly tarball no local data for @floating-ui/react@https://registry.npmjs.org/@floating-ui/react/-/react-0.27.15.tgz. Extracting by manifest.
892 silly tarball no local data for @eslint/plugin-kit@https://registry.npmjs.org/@eslint/plugin-kit/-/plugin-kit-0.3.5.tgz. Extracting by manifest.
893 silly tarball no local data for @eslint/object-schema@https://registry.npmjs.org/@eslint/object-schema/-/object-schema-2.1.6.tgz. Extracting by manifest.
894 silly tarball no local data for @eslint/config-helpers@https://registry.npmjs.org/@eslint/config-helpers/-/config-helpers-0.3.1.tgz. Extracting by manifest.
895 silly tarball no local data for @eslint/js@https://registry.npmjs.org/@eslint/js/-/js-9.32.0.tgz. Extracting by manifest.
896 silly tarball no local data for @eslint/core@https://registry.npmjs.org/@eslint/core/-/core-0.15.2.tgz. Extracting by manifest.
897 silly tarball no local data for @eslint-community/regexpp@https://registry.npmjs.org/@eslint-community/regexpp/-/regexpp-4.12.1.tgz. Extracting by manifest.
898 silly tarball no local data for @emnapi/wasi-threads@https://registry.npmjs.org/@emnapi/wasi-threads/-/wasi-threads-1.0.4.tgz. Extracting by manifest.
899 silly tarball no local data for @eslint/eslintrc@https://registry.npmjs.org/@eslint/eslintrc/-/eslintrc-3.3.1.tgz. Extracting by manifest.
900 silly tarball no local data for @eslint/config-array@https://registry.npmjs.org/@eslint/config-array/-/config-array-0.21.0.tgz. Extracting by manifest.
901 silly tarball no local data for @emnapi/runtime@https://registry.npmjs.org/@emnapi/runtime/-/runtime-1.4.5.tgz. Extracting by manifest.
902 silly tarball no local data for @babel/runtime@https://registry.npmjs.org/@babel/runtime/-/runtime-7.28.4.tgz. Extracting by manifest.
903 silly tarball no local data for @eslint-community/eslint-utils@https://registry.npmjs.org/@eslint-community/eslint-utils/-/eslint-utils-4.7.0.tgz. Extracting by manifest.
904 silly tarball no local data for @emnapi/core@https://registry.npmjs.org/@emnapi/core/-/core-1.4.5.tgz. Extracting by manifest.
905 silly tarball no local data for @alloc/quick-lru@https://registry.npmjs.org/@alloc/quick-lru/-/quick-lru-5.2.0.tgz. Extracting by manifest.
906 silly tarball no local data for @ampproject/remapping@https://registry.npmjs.org/@ampproject/remapping/-/remapping-2.3.0.tgz. Extracting by manifest.
907 silly tarball no local data for fdir@https://registry.npmjs.org/fdir/-/fdir-6.4.6.tgz. Extracting by manifest.
908 silly tarball no local data for postcss@https://registry.npmjs.org/postcss/-/postcss-8.4.31.tgz. Extracting by manifest.
909 silly tarball no local data for uuid@https://registry.npmjs.org/uuid/-/uuid-8.3.2.tgz. Extracting by manifest.
910 silly tarball no local data for resolve@https://registry.npmjs.org/resolve/-/resolve-2.0.0-next.5.tgz. Extracting by manifest.
911 silly tarball no local data for semver@https://registry.npmjs.org/semver/-/semver-6.3.1.tgz. Extracting by manifest.
912 silly tarball no local data for picomatch@https://registry.npmjs.org/picomatch/-/picomatch-4.0.3.tgz. Extracting by manifest.
913 silly tarball no local data for yallist@https://registry.npmjs.org/yallist/-/yallist-4.0.0.tgz. Extracting by manifest.
914 silly tarball no local data for glob-parent@https://registry.npmjs.org/glob-parent/-/glob-parent-5.1.2.tgz. Extracting by manifest.
915 silly tarball no local data for semver@https://registry.npmjs.org/semver/-/semver-6.3.1.tgz. Extracting by manifest.
916 silly tarball no local data for minimatch@https://registry.npmjs.org/minimatch/-/minimatch-9.0.5.tgz. Extracting by manifest.
917 silly tarball no local data for debug@https://registry.npmjs.org/debug/-/debug-3.2.7.tgz. Extracting by manifest.
918 silly tarball no local data for ignore@https://registry.npmjs.org/ignore/-/ignore-7.0.5.tgz. Extracting by manifest.
919 silly tarball no local data for debug@https://registry.npmjs.org/debug/-/debug-3.2.7.tgz. Extracting by manifest.
920 silly tarball no local data for debug@https://registry.npmjs.org/debug/-/debug-3.2.7.tgz. Extracting by manifest.
921 silly tarball no local data for brace-expansion@https://registry.npmjs.org/brace-expansion/-/brace-expansion-2.0.2.tgz. Extracting by manifest.
922 silly tarball no local data for glob-parent@https://registry.npmjs.org/glob-parent/-/glob-parent-5.1.2.tgz. Extracting by manifest.
923 silly tarball no local data for fast-glob@https://registry.npmjs.org/fast-glob/-/fast-glob-3.3.3.tgz. Extracting by manifest.
924 silly tarball no local data for @humanwhocodes/retry@https://registry.npmjs.org/@humanwhocodes/retry/-/retry-0.3.1.tgz. Extracting by manifest.
925 silly tarball no local data for eslint-visitor-keys@https://registry.npmjs.org/eslint-visitor-keys/-/eslint-visitor-keys-3.4.3.tgz. Extracting by manifest.
926 http fetch GET 200 https://registry.npmjs.org/npm 422ms
927 http fetch GET 200 https://registry.npmjs.org/webidl-conversions/-/webidl-conversions-7.0.0.tgz 224ms (cache miss)
928 http fetch GET 200 https://registry.npmjs.org/word-wrap/-/word-wrap-1.2.5.tgz 224ms (cache miss)
929 http fetch GET 200 https://registry.npmjs.org/unrs-resolver/-/unrs-resolver-1.11.1.tgz 224ms (cache miss)
930 http fetch GET 200 https://registry.npmjs.org/yocto-queue/-/yocto-queue-0.1.0.tgz 228ms (cache miss)
931 http fetch GET 200 https://registry.npmjs.org/which/-/which-2.0.2.tgz 227ms (cache miss)
932 http fetch GET 200 https://registry.npmjs.org/which-boxed-primitive/-/which-boxed-primitive-1.1.1.tgz 226ms (cache miss)
933 http fetch GET 200 https://registry.npmjs.org/which-builtin-type/-/which-builtin-type-1.2.1.tgz 233ms (cache miss)
934 http fetch GET 200 https://registry.npmjs.org/which-collection/-/which-collection-1.0.2.tgz 235ms (cache miss)
935 http fetch GET 200 https://registry.npmjs.org/yallist/-/yallist-5.0.0.tgz 246ms (cache miss)
936 http fetch GET 200 https://registry.npmjs.org/which-typed-array/-/which-typed-array-1.1.19.tgz 254ms (cache miss)
937 http fetch GET 200 https://registry.npmjs.org/typed-array-length/-/typed-array-length-1.0.7.tgz 258ms (cache miss)
938 http fetch GET 200 https://registry.npmjs.org/type-check/-/type-check-0.4.0.tgz 264ms (cache miss)
939 http fetch GET 200 https://registry.npmjs.org/typed-array-byte-offset/-/typed-array-byte-offset-1.0.4.tgz 264ms (cache miss)
940 http fetch GET 200 https://registry.npmjs.org/unbox-primitive/-/unbox-primitive-1.1.0.tgz 266ms (cache miss)
941 http fetch GET 200 https://registry.npmjs.org/typed-array-buffer/-/typed-array-buffer-1.0.3.tgz 267ms (cache miss)
942 http fetch GET 200 https://registry.npmjs.org/whatwg-url/-/whatwg-url-14.2.0.tgz 269ms (cache miss)
943 http fetch GET 200 https://registry.npmjs.org/tslib/-/tslib-2.8.1.tgz 274ms (cache miss)
944 http fetch GET 200 https://registry.npmjs.org/ts-api-utils/-/ts-api-utils-2.1.0.tgz 273ms (cache miss)
945 http fetch GET 200 https://registry.npmjs.org/typed-array-byte-length/-/typed-array-byte-length-1.0.3.tgz 273ms (cache miss)
946 http fetch GET 200 https://registry.npmjs.org/to-regex-range/-/to-regex-range-5.0.1.tgz 281ms (cache miss)
947 http fetch GET 200 https://registry.npmjs.org/tinyglobby/-/tinyglobby-0.2.14.tgz 287ms (cache miss)
948 http fetch GET 200 https://registry.npmjs.org/undici-types/-/undici-types-6.21.0.tgz 294ms (cache miss)
949 http fetch GET 200 https://registry.npmjs.org/tr46/-/tr46-5.1.1.tgz 294ms (cache miss)
950 http fetch GET 200 https://registry.npmjs.org/uuid/-/uuid-13.0.0.tgz 298ms (cache miss)
951 http fetch GET 200 https://registry.npmjs.org/tapable/-/tapable-2.2.2.tgz 297ms (cache miss)
952 http fetch GET 200 https://registry.npmjs.org/supports-color/-/supports-color-7.2.0.tgz 309ms (cache miss)
953 http fetch GET 200 https://registry.npmjs.org/strip-bom/-/strip-bom-3.0.0.tgz 309ms (cache miss)
954 http fetch GET 200 https://registry.npmjs.org/string.prototype.repeat/-/string.prototype.repeat-1.0.0.tgz 309ms (cache miss)
955 http fetch GET 200 https://registry.npmjs.org/supports-preserve-symlinks-flag/-/supports-preserve-symlinks-flag-1.0.0.tgz 310ms (cache miss)
956 http fetch GET 200 https://registry.npmjs.org/strip-json-comments/-/strip-json-comments-3.1.1.tgz 312ms (cache miss)
957 http fetch GET 200 https://registry.npmjs.org/tabbable/-/tabbable-6.2.0.tgz 317ms (cache miss)
958 http fetch GET 200 https://registry.npmjs.org/uri-js/-/uri-js-4.4.1.tgz 325ms (cache miss)
959 http fetch GET 200 https://registry.npmjs.org/tsconfig-paths/-/tsconfig-paths-3.15.0.tgz 332ms (cache miss)
960 http fetch GET 200 https://registry.npmjs.org/string.prototype.trimend/-/string.prototype.trimend-1.0.9.tgz 331ms (cache miss)
961 http fetch GET 200 https://registry.npmjs.org/string.prototype.trim/-/string.prototype.trim-1.2.10.tgz 334ms (cache miss)
962 http fetch GET 200 https://registry.npmjs.org/string.prototype.matchall/-/string.prototype.matchall-4.0.12.tgz 336ms (cache miss)
963 http fetch GET 200 https://registry.npmjs.org/string.prototype.includes/-/string.prototype.includes-2.0.1.tgz 337ms (cache miss)
964 http fetch GET 200 https://registry.npmjs.org/tailwindcss/-/tailwindcss-4.1.11.tgz 338ms (cache miss)
965 http fetch GET 200 https://registry.npmjs.org/sparse-bitfield/-/sparse-bitfield-3.0.3.tgz 345ms (cache miss)
966 http fetch GET 200 https://registry.npmjs.org/stop-iteration-iterator/-/stop-iteration-iterator-1.1.0.tgz 346ms (cache miss)
967 http fetch GET 200 https://registry.npmjs.org/styled-jsx/-/styled-jsx-5.1.6.tgz 349ms (cache miss)
968 http fetch GET 200 https://registry.npmjs.org/simple-swizzle/-/simple-swizzle-0.2.2.tgz 366ms (cache miss)
969 http fetch GET 200 https://registry.npmjs.org/stable-hash/-/stable-hash-0.0.5.tgz 368ms (cache miss)
970 http fetch GET 200 https://registry.npmjs.org/side-channel-list/-/side-channel-list-1.0.0.tgz 375ms (cache miss)
971 http fetch GET 200 https://registry.npmjs.org/source-map-js/-/source-map-js-1.2.1.tgz 389ms (cache miss)
972 http fetch GET 200 https://registry.npmjs.org/side-channel-weakmap/-/side-channel-weakmap-1.0.2.tgz 393ms (cache miss)
973 http fetch GET 200 https://registry.npmjs.org/shebang-command/-/shebang-command-2.0.0.tgz 396ms (cache miss)
974 http fetch GET 200 https://registry.npmjs.org/side-channel-map/-/side-channel-map-1.0.1.tgz 397ms (cache miss)
975 http fetch GET 200 https://registry.npmjs.org/side-channel/-/side-channel-1.1.0.tgz 397ms (cache miss)
976 http fetch GET 200 https://registry.npmjs.org/shebang-regex/-/shebang-regex-3.0.0.tgz 398ms (cache miss)
977 http fetch GET 200 https://registry.npmjs.org/set-function-name/-/set-function-name-2.0.2.tgz 397ms (cache miss)
978 http fetch GET 200 https://registry.npmjs.org/set-proto/-/set-proto-1.0.0.tgz 398ms (cache miss)
979 http fetch GET 200 https://registry.npmjs.org/string.prototype.trimstart/-/string.prototype.trimstart-1.0.8.tgz 399ms (cache miss)
980 http fetch GET 200 https://registry.npmjs.org/tar/-/tar-7.4.3.tgz 401ms (cache miss)
981 http fetch GET 200 https://registry.npmjs.org/semver/-/semver-7.7.2.tgz 404ms (cache miss)
982 http fetch POST 200 https://registry.npmjs.org/-/npm/v1/security/advisories/bulk 473ms
983 silly audit report {
983 silly audit report   next: [
983 silly audit report     {
983 silly audit report       id: 1107515,
983 silly audit report       url: 'https://github.com/advisories/GHSA-4342-x723-ch2f',
983 silly audit report       title: 'Next.js Improper Middleware Redirect Handling Leads to SSRF',
983 silly audit report       severity: 'moderate',
983 silly audit report       vulnerable_versions: '>=15.0.0-canary.0 <15.4.7',
983 silly audit report       cwe: [Array],
983 silly audit report       cvss: [Object]
983 silly audit report     }
983 silly audit report   ]
983 silly audit report }
984 silly packumentCache corgi:https://registry.npmjs.org/next cache-miss
985 http fetch GET 200 https://registry.npmjs.org/sharp/-/sharp-0.34.3.tgz 413ms (cache miss)
986 http fetch GET 200 https://registry.npmjs.org/safe-regex-test/-/safe-regex-test-1.1.0.tgz 417ms (cache miss)
987 http fetch GET 200 https://registry.npmjs.org/safe-push-apply/-/safe-push-apply-1.0.0.tgz 420ms (cache miss)
988 http fetch GET 200 https://registry.npmjs.org/set-function-length/-/set-function-length-1.2.2.tgz 420ms (cache miss)
989 http fetch GET 200 https://registry.npmjs.org/scheduler/-/scheduler-0.26.0.tgz 423ms (cache miss)
990 http fetch GET 200 https://registry.npmjs.org/resolve-from/-/resolve-from-4.0.0.tgz 424ms (cache miss)
991 http fetch GET 200 https://registry.npmjs.org/resolve-pkg-maps/-/resolve-pkg-maps-1.0.0.tgz 423ms (cache miss)
992 http fetch GET 200 https://registry.npmjs.org/react-is/-/react-is-16.13.1.tgz 424ms (cache miss)
993 http fetch GET 200 https://registry.npmjs.org/reusify/-/reusify-1.1.0.tgz 425ms (cache miss)
994 http fetch GET 200 https://registry.npmjs.org/safe-array-concat/-/safe-array-concat-1.1.3.tgz 425ms (cache miss)
995 http fetch GET 200 https://registry.npmjs.org/reflect.getprototypeof/-/reflect.getprototypeof-1.0.10.tgz 425ms (cache miss)
996 http fetch GET 200 https://registry.npmjs.org/run-parallel/-/run-parallel-1.2.0.tgz 426ms (cache miss)
997 http fetch GET 200 https://registry.npmjs.org/regexp.prototype.flags/-/regexp.prototype.flags-1.5.4.tgz 440ms (cache miss)
998 http fetch GET 200 https://registry.npmjs.org/punycode/-/punycode-2.3.1.tgz 443ms (cache miss)
999 http fetch GET 200 https://registry.npmjs.org/prelude-ls/-/prelude-ls-1.2.1.tgz 444ms (cache miss)
1000 http fetch GET 200 https://registry.npmjs.org/picocolors/-/picocolors-1.1.1.tgz 458ms (cache miss)
1001 http fetch GET 200 https://registry.npmjs.org/path-key/-/path-key-3.1.1.tgz 459ms (cache miss)
1002 http fetch GET 200 https://registry.npmjs.org/pretty-format/-/pretty-format-3.8.0.tgz 460ms (cache miss)
1003 http fetch GET 200 https://registry.npmjs.org/queue-microtask/-/queue-microtask-1.2.3.tgz 463ms (cache miss)
1004 http fetch GET 200 https://registry.npmjs.org/prop-types/-/prop-types-15.8.1.tgz 462ms (cache miss)
1005 http fetch GET 200 https://registry.npmjs.org/path-exists/-/path-exists-4.0.0.tgz 462ms (cache miss)
1006 http fetch GET 200 https://registry.npmjs.org/sift/-/sift-17.1.3.tgz 468ms (cache miss)
1007 http fetch GET 200 https://registry.npmjs.org/preact-render-to-string/-/preact-render-to-string-5.2.6.tgz 469ms (cache miss)
1008 http fetch GET 200 https://registry.npmjs.org/react/-/react-19.1.0.tgz 476ms (cache miss)
1009 http fetch GET 200 https://registry.npmjs.org/parent-module/-/parent-module-1.0.1.tgz 480ms (cache miss)
1010 http fetch GET 200 https://registry.npmjs.org/possible-typed-array-names/-/possible-typed-array-names-1.1.0.tgz 482ms (cache miss)
1011 http fetch GET 200 https://registry.npmjs.org/object.values/-/object.values-1.2.1.tgz 483ms (cache miss)
1012 http fetch GET 200 https://registry.npmjs.org/p-limit/-/p-limit-3.1.0.tgz 484ms (cache miss)
1013 http fetch GET 200 https://registry.npmjs.org/path-parse/-/path-parse-1.0.7.tgz 485ms (cache miss)
1014 http fetch GET 200 https://registry.npmjs.org/p-locate/-/p-locate-5.0.0.tgz 486ms (cache miss)
1015 http fetch GET 200 https://registry.npmjs.org/object.fromentries/-/object.fromentries-2.0.8.tgz 491ms (cache miss)
1016 http fetch GET 200 https://registry.npmjs.org/own-keys/-/own-keys-1.0.1.tgz 493ms (cache miss)
1017 http fetch GET 200 https://registry.npmjs.org/resolve/-/resolve-1.22.10.tgz 496ms (cache miss)
1018 http fetch GET 200 https://registry.npmjs.org/optionator/-/optionator-0.9.4.tgz 496ms (cache miss)
1019 http fetch GET 200 https://registry.npmjs.org/object.entries/-/object.entries-1.1.9.tgz 501ms (cache miss)
1020 http fetch GET 200 https://registry.npmjs.org/object-keys/-/object-keys-1.1.1.tgz 502ms (cache miss)
1021 http fetch GET 200 https://registry.npmjs.org/postcss/-/postcss-8.5.6.tgz 508ms (cache miss)
1022 http fetch GET 200 https://registry.npmjs.org/object.assign/-/object.assign-4.1.7.tgz 507ms (cache miss)
1023 http fetch GET 200 https://registry.npmjs.org/object.groupby/-/object.groupby-1.0.3.tgz 508ms (cache miss)
1024 http fetch GET 200 https://registry.npmjs.org/oidc-token-hash/-/oidc-token-hash-5.1.1.tgz 515ms (cache miss)
1025 http fetch GET 200 https://registry.npmjs.org/object-assign/-/object-assign-4.1.1.tgz 514ms (cache miss)
1026 http fetch GET 200 https://registry.npmjs.org/proxy-from-env/-/proxy-from-env-1.1.0.tgz 520ms (cache miss)
1027 http fetch GET 200 https://registry.npmjs.org/picomatch/-/picomatch-2.3.1.tgz 523ms (cache miss)
1028 http fetch GET 200 https://registry.npmjs.org/napi-postinstall/-/napi-postinstall-0.3.2.tgz 522ms (cache miss)
1029 http fetch GET 200 https://registry.npmjs.org/natural-compare/-/natural-compare-1.4.0.tgz 524ms (cache miss)
1030 http fetch GET 200 https://registry.npmjs.org/openid-client/-/openid-client-5.7.1.tgz 539ms (cache miss)
1031 http fetch GET 200 https://registry.npmjs.org/object-hash/-/object-hash-2.2.0.tgz 541ms (cache miss)
1032 http fetch GET 200 https://registry.npmjs.org/object-inspect/-/object-inspect-1.13.4.tgz 543ms (cache miss)
1033 http fetch GET 200 https://registry.npmjs.org/mpath/-/mpath-0.9.0.tgz 543ms (cache miss)
1034 http fetch GET 200 https://registry.npmjs.org/nanoid/-/nanoid-3.3.11.tgz 543ms (cache miss)
1035 http fetch GET 200 https://registry.npmjs.org/oauth/-/oauth-0.9.15.tgz 547ms (cache miss)
1036 http fetch GET 200 https://registry.npmjs.org/motion-utils/-/motion-utils-12.23.6.tgz 547ms (cache miss)
1037 http fetch GET 200 https://registry.npmjs.org/mquery/-/mquery-5.0.0.tgz 548ms (cache miss)
1038 http fetch GET 200 https://registry.npmjs.org/mongodb-connection-string-url/-/mongodb-connection-string-url-3.0.2.tgz 575ms (cache miss)
1039 http fetch GET 200 https://registry.npmjs.org/preact/-/preact-10.27.2.tgz 593ms (cache miss)
1040 http fetch GET 200 https://registry.npmjs.org/react-dom/-/react-dom-19.1.0.tgz 596ms (cache miss)
1041 http fetch GET 200 https://registry.npmjs.org/ms/-/ms-2.1.3.tgz 649ms (cache miss)
1042 http fetch GET 200 https://registry.npmjs.org/micromatch/-/micromatch-4.0.8.tgz 668ms (cache miss)
1043 http fetch GET 200 https://registry.npmjs.org/minimist/-/minimist-1.2.8.tgz 668ms (cache miss)
1044 http fetch GET 200 https://registry.npmjs.org/mime-types/-/mime-types-2.1.35.tgz 668ms (cache miss)
1045 http fetch GET 200 https://registry.npmjs.org/mime-db/-/mime-db-1.52.0.tgz 669ms (cache miss)
1046 http fetch GET 200 https://registry.npmjs.org/minizlib/-/minizlib-3.0.2.tgz 670ms (cache miss)
1047 http fetch GET 200 https://registry.npmjs.org/minipass/-/minipass-7.1.2.tgz 671ms (cache miss)
1048 http fetch GET 200 https://registry.npmjs.org/minimatch/-/minimatch-3.1.2.tgz 675ms (cache miss)
1049 http fetch GET 200 https://registry.npmjs.org/merge2/-/merge2-1.4.1.tgz 684ms (cache miss)
1050 http fetch GET 200 https://registry.npmjs.org/memory-pager/-/memory-pager-1.5.0.tgz 686ms (cache miss)
1051 http fetch GET 200 https://registry.npmjs.org/mkdirp/-/mkdirp-3.0.1.tgz 691ms (cache miss)
1052 http fetch GET 200 https://registry.npmjs.org/motion-dom/-/motion-dom-12.23.12.tgz 702ms (cache miss)
1053 http fetch GET 200 https://registry.npmjs.org/lru-cache/-/lru-cache-6.0.0.tgz 718ms (cache miss)
1054 http fetch GET 200 https://registry.npmjs.org/lodash.merge/-/lodash.merge-4.6.2.tgz 733ms (cache miss)
1055 http fetch GET 200 https://registry.npmjs.org/math-intrinsics/-/math-intrinsics-1.1.0.tgz 743ms (cache miss)
1056 http fetch GET 200 https://registry.npmjs.org/locate-path/-/locate-path-6.0.0.tgz 795ms (cache miss)
1057 http fetch GET 200 https://registry.npmjs.org/language-tags/-/language-tags-1.0.9.tgz 796ms (cache miss)
1058 http fetch GET 200 https://registry.npmjs.org/loose-envify/-/loose-envify-1.4.0.tgz 797ms (cache miss)
1059 http fetch GET 200 https://registry.npmjs.org/levn/-/levn-0.4.1.tgz 797ms (cache miss)
1060 http fetch GET 200 https://registry.npmjs.org/keyv/-/keyv-4.5.4.tgz 821ms (cache miss)
1061 http fetch GET 200 https://registry.npmjs.org/magic-string/-/magic-string-0.30.17.tgz 891ms (cache miss)
1062 http fetch GET 200 https://registry.npmjs.org/lightningcss/-/lightningcss-1.30.1.tgz 920ms (cache miss)
1063 http fetch GET 200 https://registry.npmjs.org/json-stable-stringify-without-jsonify/-/json-stable-stringify-without-jsonify-1.0.1.tgz 925ms (cache miss)
1064 http fetch GET 200 https://registry.npmjs.org/json-schema-traverse/-/json-schema-traverse-0.4.1.tgz 927ms (cache miss)
1065 http fetch GET 200 https://registry.npmjs.org/isexe/-/isexe-2.0.0.tgz 926ms (cache miss)
1066 http fetch GET 200 https://registry.npmjs.org/json-buffer/-/json-buffer-3.0.1.tgz 929ms (cache miss)
1067 http fetch GET 200 https://registry.npmjs.org/json5/-/json5-1.0.2.tgz 929ms (cache miss)
1068 http fetch GET 200 https://registry.npmjs.org/iterator.prototype/-/iterator.prototype-1.1.5.tgz 932ms (cache miss)
1069 http fetch GET 200 https://registry.npmjs.org/kareem/-/kareem-2.6.3.tgz 939ms (cache miss)
1070 http fetch GET 200 https://registry.npmjs.org/js-tokens/-/js-tokens-4.0.0.tgz 942ms (cache miss)
1071 http fetch GET 200 https://registry.npmjs.org/is-weakref/-/is-weakref-1.1.1.tgz 952ms (cache miss)
1072 http fetch GET 200 https://registry.npmjs.org/isarray/-/isarray-2.0.5.tgz 955ms (cache miss)
1073 http fetch GET 200 https://registry.npmjs.org/is-weakmap/-/is-weakmap-2.0.2.tgz 967ms (cache miss)
1074 http fetch GET 200 https://registry.npmjs.org/is-symbol/-/is-symbol-1.1.1.tgz 967ms (cache miss)
1075 http fetch GET 200 https://registry.npmjs.org/language-subtag-registry/-/language-subtag-registry-0.3.23.tgz 989ms (cache miss)
1076 http fetch GET 200 https://registry.npmjs.org/js-yaml/-/js-yaml-4.1.0.tgz 1040ms (cache miss)
1077 http fetch GET 200 https://registry.npmjs.org/is-typed-array/-/is-typed-array-1.1.15.tgz 1040ms (cache miss)
1078 http fetch GET 200 https://registry.npmjs.org/is-regex/-/is-regex-1.2.1.tgz 1041ms (cache miss)
1079 http fetch GET 200 https://registry.npmjs.org/is-string/-/is-string-1.1.1.tgz 1041ms (cache miss)
1080 http fetch GET 200 https://registry.npmjs.org/is-weakset/-/is-weakset-2.0.4.tgz 1042ms (cache miss)
1081 http fetch GET 200 https://registry.npmjs.org/is-number-object/-/is-number-object-1.1.1.tgz 1043ms (cache miss)
1082 http fetch GET 200 https://registry.npmjs.org/is-shared-array-buffer/-/is-shared-array-buffer-1.0.4.tgz 1043ms (cache miss)
1083 http fetch GET 200 https://registry.npmjs.org/is-number/-/is-number-7.0.0.tgz 1044ms (cache miss)
1084 http fetch GET 200 https://registry.npmjs.org/jsx-ast-utils/-/jsx-ast-utils-3.3.5.tgz 1050ms (cache miss)
1085 http fetch GET 200 https://registry.npmjs.org/is-set/-/is-set-2.0.3.tgz 1050ms (cache miss)
1086 http fetch GET 200 https://registry.npmjs.org/is-glob/-/is-glob-4.0.3.tgz 1057ms (cache miss)
1087 http fetch GET 200 https://registry.npmjs.org/is-generator-function/-/is-generator-function-1.1.0.tgz 1065ms (cache miss)
1088 http fetch GET 200 https://registry.npmjs.org/next-auth/-/next-auth-4.24.11.tgz 1081ms (cache miss)
1089 http fetch GET 200 https://registry.npmjs.org/is-negative-zero/-/is-negative-zero-2.0.3.tgz 1076ms (cache miss)
1090 http fetch GET 200 https://registry.npmjs.org/mongoose/-/mongoose-8.18.2.tgz 1087ms (cache miss)
1091 http fetch GET 200 https://registry.npmjs.org/jiti/-/jiti-2.5.1.tgz 1087ms (cache miss)
1092 http fetch GET 200 https://registry.npmjs.org/is-data-view/-/is-data-view-1.0.2.tgz 1100ms (cache miss)
1093 http fetch GET 200 https://registry.npmjs.org/is-date-object/-/is-date-object-1.1.0.tgz 1100ms (cache miss)
1094 http fetch GET 200 https://registry.npmjs.org/is-extglob/-/is-extglob-2.1.1.tgz 1101ms (cache miss)
1095 http fetch GET 200 https://registry.npmjs.org/is-map/-/is-map-2.0.3.tgz 1101ms (cache miss)
1096 http fetch GET 200 https://registry.npmjs.org/is-core-module/-/is-core-module-2.16.1.tgz 1105ms (cache miss)
1097 http fetch GET 200 https://registry.npmjs.org/is-finalizationregistry/-/is-finalizationregistry-1.1.1.tgz 1128ms (cache miss)
1098 http fetch GET 200 https://registry.npmjs.org/is-callable/-/is-callable-1.2.7.tgz 1130ms (cache miss)
1099 http fetch GET 200 https://registry.npmjs.org/is-bun-module/-/is-bun-module-2.0.0.tgz 1132ms (cache miss)
1100 http fetch GET 200 https://registry.npmjs.org/is-boolean-object/-/is-boolean-object-1.2.2.tgz 1169ms (cache miss)
1101 http fetch GET 200 https://registry.npmjs.org/is-bigint/-/is-bigint-1.1.0.tgz 1189ms (cache miss)
1102 http fetch GET 200 https://registry.npmjs.org/is-async-function/-/is-async-function-2.1.1.tgz 1194ms (cache miss)
1103 http fetch GET 200 https://registry.npmjs.org/import-fresh/-/import-fresh-3.3.1.tgz 1204ms (cache miss)
1104 http fetch GET 200 https://registry.npmjs.org/is-array-buffer/-/is-array-buffer-3.0.5.tgz 1207ms (cache miss)
1105 http fetch GET 200 https://registry.npmjs.org/imurmurhash/-/imurmurhash-0.1.4.tgz 1208ms (cache miss)
1106 http fetch GET 200 https://registry.npmjs.org/internal-slot/-/internal-slot-1.1.0.tgz 1213ms (cache miss)
1107 http fetch GET 200 https://registry.npmjs.org/hasown/-/hasown-2.0.2.tgz 1218ms (cache miss)
1108 http fetch GET 200 https://registry.npmjs.org/has-tostringtag/-/has-tostringtag-1.0.2.tgz 1231ms (cache miss)
1109 http fetch GET 200 https://registry.npmjs.org/is-arrayish/-/is-arrayish-0.3.2.tgz 1245ms (cache miss)
1110 http fetch GET 200 https://registry.npmjs.org/has-proto/-/has-proto-1.2.0.tgz 1266ms (cache miss)
1111 http fetch GET 200 https://registry.npmjs.org/ignore/-/ignore-5.3.2.tgz 1645ms (cache miss)
1112 http fetch GET 200 https://registry.npmjs.org/graceful-fs/-/graceful-fs-4.2.11.tgz 1698ms (cache miss)
1113 http fetch GET 200 https://registry.npmjs.org/gopd/-/gopd-1.2.0.tgz 1742ms (cache miss)
1114 http fetch GET 200 https://registry.npmjs.org/has-flag/-/has-flag-4.0.0.tgz 1749ms (cache miss)
1115 http fetch GET 200 https://registry.npmjs.org/has-property-descriptors/-/has-property-descriptors-1.0.2.tgz 2693ms (cache miss)
1116 http fetch GET 200 https://registry.npmjs.org/functions-have-names/-/functions-have-names-1.2.3.tgz 2693ms (cache miss)
1117 http fetch GET 200 https://registry.npmjs.org/globalthis/-/globalthis-1.0.4.tgz 2698ms (cache miss)
1118 http fetch GET 200 https://registry.npmjs.org/get-intrinsic/-/get-intrinsic-1.3.0.tgz 2698ms (cache miss)
1119 http fetch GET 200 https://registry.npmjs.org/get-symbol-description/-/get-symbol-description-1.1.0.tgz 2706ms (cache miss)
1120 http fetch GET 200 https://registry.npmjs.org/globals/-/globals-14.0.0.tgz 2715ms (cache miss)
1121 http fetch GET 200 https://registry.npmjs.org/has-symbols/-/has-symbols-1.1.0.tgz 2716ms (cache miss)
1122 http fetch GET 200 https://registry.npmjs.org/has-bigints/-/has-bigints-1.1.0.tgz 2716ms (cache miss)
1123 http fetch GET 200 https://registry.npmjs.org/glob-parent/-/glob-parent-6.0.2.tgz 2716ms (cache miss)
1124 http fetch GET 200 https://registry.npmjs.org/get-proto/-/get-proto-1.0.1.tgz 2724ms (cache miss)
1125 http fetch GET 200 https://registry.npmjs.org/get-tsconfig/-/get-tsconfig-4.10.1.tgz 2734ms (cache miss)
1126 http fetch GET 200 https://registry.npmjs.org/function.prototype.name/-/function.prototype.name-1.1.8.tgz 2757ms (cache miss)
1127 http fetch GET 200 https://registry.npmjs.org/fill-range/-/fill-range-7.1.1.tgz 2796ms (cache miss)
1128 http fetch GET 200 https://registry.npmjs.org/follow-redirects/-/follow-redirects-1.15.11.tgz 2816ms (cache miss)
1129 http fetch GET 200 https://registry.npmjs.org/find-up/-/find-up-5.0.0.tgz 2816ms (cache miss)
1130 http fetch GET 200 https://registry.npmjs.org/for-each/-/for-each-0.3.5.tgz 2816ms (cache miss)
1131 http fetch GET 200 https://registry.npmjs.org/fast-levenshtein/-/fast-levenshtein-2.0.6.tgz 2821ms (cache miss)
1132 http fetch GET 200 https://registry.npmjs.org/form-data/-/form-data-4.0.4.tgz 2823ms (cache miss)
1133 http fetch GET 200 https://registry.npmjs.org/flatted/-/flatted-3.3.3.tgz 2826ms (cache miss)
1134 http fetch GET 200 https://registry.npmjs.org/file-entry-cache/-/file-entry-cache-8.0.0.tgz 2826ms (cache miss)
1135 http fetch GET 200 https://registry.npmjs.org/eslint-import-resolver-node/-/eslint-import-resolver-node-0.3.9.tgz 2825ms (cache miss)
1136 http fetch GET 200 https://registry.npmjs.org/es-to-primitive/-/es-to-primitive-1.3.0.tgz 2825ms (cache miss)
1137 http fetch GET 200 https://registry.npmjs.org/fast-deep-equal/-/fast-deep-equal-3.1.3.tgz 2825ms (cache miss)
1138 http fetch GET 200 https://registry.npmjs.org/fastq/-/fastq-1.19.1.tgz 2830ms (cache miss)
1139 http fetch GET 200 https://registry.npmjs.org/flat-cache/-/flat-cache-4.0.1.tgz 2830ms (cache miss)
1140 http fetch GET 200 https://registry.npmjs.org/esrecurse/-/esrecurse-4.3.0.tgz 2830ms (cache miss)
1141 http fetch GET 200 https://registry.npmjs.org/es-object-atoms/-/es-object-atoms-1.1.1.tgz 2829ms (cache miss)
1142 http fetch GET 200 https://registry.npmjs.org/function-bind/-/function-bind-1.1.2.tgz 2837ms (cache miss)
1143 http fetch GET 200 https://registry.npmjs.org/eslint-config-next/-/eslint-config-next-15.4.6.tgz 2836ms (cache miss)
1144 http fetch GET 200 https://registry.npmjs.org/escape-string-regexp/-/escape-string-regexp-4.0.0.tgz 2837ms (cache miss)
1145 http fetch GET 200 https://registry.npmjs.org/es-errors/-/es-errors-1.3.0.tgz 2837ms (cache miss)
1146 http fetch GET 200 https://registry.npmjs.org/fast-json-stable-stringify/-/fast-json-stable-stringify-2.1.0.tgz 2843ms (cache miss)
1147 http fetch GET 200 https://registry.npmjs.org/estraverse/-/estraverse-5.3.0.tgz 2843ms (cache miss)
1148 http fetch GET 200 https://registry.npmjs.org/esutils/-/esutils-2.0.3.tgz 2843ms (cache miss)
1149 http fetch GET 200 https://registry.npmjs.org/eslint-import-resolver-typescript/-/eslint-import-resolver-typescript-3.10.1.tgz 2843ms (cache miss)
1150 http fetch GET 200 https://registry.npmjs.org/eslint-visitor-keys/-/eslint-visitor-keys-4.2.1.tgz 2847ms (cache miss)
1151 http fetch GET 200 https://registry.npmjs.org/es-set-tostringtag/-/es-set-tostringtag-2.1.0.tgz 2846ms (cache miss)
1152 http fetch GET 200 https://registry.npmjs.org/es-shim-unscopables/-/es-shim-unscopables-1.1.0.tgz 2849ms (cache miss)
1153 http fetch GET 200 https://registry.npmjs.org/dunder-proto/-/dunder-proto-1.0.1.tgz 2849ms (cache miss)
1154 http fetch GET 200 https://registry.npmjs.org/emoji-regex/-/emoji-regex-9.2.2.tgz 2849ms (cache miss)
1155 http fetch GET 200 https://registry.npmjs.org/espree/-/espree-10.4.0.tgz 2853ms (cache miss)
1156 http fetch GET 200 https://registry.npmjs.org/es-define-property/-/es-define-property-1.0.1.tgz 2855ms (cache miss)
1157 http fetch GET 200 https://registry.npmjs.org/define-data-property/-/define-data-property-1.1.4.tgz 2854ms (cache miss)
1158 http fetch GET 200 https://registry.npmjs.org/detect-libc/-/detect-libc-2.0.4.tgz 2861ms (cache miss)
1159 http fetch GET 200 https://registry.npmjs.org/define-properties/-/define-properties-1.2.1.tgz 2861ms (cache miss)
1160 http fetch GET 200 https://registry.npmjs.org/data-view-byte-offset/-/data-view-byte-offset-1.0.1.tgz 2861ms (cache miss)
1161 http fetch GET 200 https://registry.npmjs.org/debug/-/debug-4.4.1.tgz 2862ms (cache miss)
1162 http fetch GET 200 https://registry.npmjs.org/damerau-levenshtein/-/damerau-levenshtein-1.0.8.tgz 2867ms (cache miss)
1163 http fetch GET 200 https://registry.npmjs.org/clsx/-/clsx-2.1.1.tgz 2867ms (cache miss)
1164 http fetch GET 200 https://registry.npmjs.org/delayed-stream/-/delayed-stream-1.0.0.tgz 2869ms (cache miss)
1165 http fetch GET 200 https://registry.npmjs.org/deep-is/-/deep-is-0.1.4.tgz 2869ms (cache miss)
1166 http fetch GET 200 https://registry.npmjs.org/color-convert/-/color-convert-2.0.1.tgz 2869ms (cache miss)
1167 http fetch GET 200 https://registry.npmjs.org/color/-/color-4.2.3.tgz 2870ms (cache miss)
1168 http fetch GET 200 https://registry.npmjs.org/data-view-buffer/-/data-view-buffer-1.0.2.tgz 2871ms (cache miss)
1169 http fetch GET 200 https://registry.npmjs.org/doctrine/-/doctrine-2.1.0.tgz 2876ms (cache miss)
1170 http fetch GET 200 https://registry.npmjs.org/color-name/-/color-name-1.1.4.tgz 2874ms (cache miss)
1171 http fetch GET 200 https://registry.npmjs.org/data-view-byte-length/-/data-view-byte-length-1.0.2.tgz 2876ms (cache miss)
1172 http fetch GET 200 https://registry.npmjs.org/cookie/-/cookie-0.7.2.tgz 2876ms (cache miss)
1173 http fetch GET 200 https://registry.npmjs.org/client-only/-/client-only-0.0.1.tgz 2876ms (cache miss)
1174 http fetch GET 200 https://registry.npmjs.org/combined-stream/-/combined-stream-1.0.8.tgz 2876ms (cache miss)
1175 http fetch GET 200 https://registry.npmjs.org/color-string/-/color-string-1.9.1.tgz 2877ms (cache miss)
1176 http fetch GET 200 https://registry.npmjs.org/chownr/-/chownr-3.0.0.tgz 2877ms (cache miss)
1177 http fetch GET 200 https://registry.npmjs.org/cross-spawn/-/cross-spawn-7.0.6.tgz 2878ms (cache miss)
1178 http fetch GET 200 https://registry.npmjs.org/eslint-plugin-react-hooks/-/eslint-plugin-react-hooks-5.2.0.tgz 2881ms (cache miss)
1179 http fetch GET 200 https://registry.npmjs.org/call-bind/-/call-bind-1.0.8.tgz 2878ms (cache miss)
1180 http fetch GET 200 https://registry.npmjs.org/brace-expansion/-/brace-expansion-1.1.12.tgz 2877ms (cache miss)
1181 http fetch GET 200 https://registry.npmjs.org/concat-map/-/concat-map-0.0.1.tgz 2879ms (cache miss)
1182 http fetch GET 200 https://registry.npmjs.org/callsites/-/callsites-3.1.0.tgz 2879ms (cache miss)
1183 http fetch GET 200 https://registry.npmjs.org/eslint-scope/-/eslint-scope-8.4.0.tgz 2884ms (cache miss)
1184 http fetch GET 200 https://registry.npmjs.org/braces/-/braces-3.0.3.tgz 2881ms (cache miss)
1185 http fetch GET 200 https://registry.npmjs.org/chalk/-/chalk-4.1.2.tgz 2883ms (cache miss)
1186 http fetch GET 200 https://registry.npmjs.org/call-bind-apply-helpers/-/call-bind-apply-helpers-1.0.2.tgz 2892ms (cache miss)
1187 http fetch GET 200 https://registry.npmjs.org/eslint-module-utils/-/eslint-module-utils-2.12.1.tgz 2907ms (cache miss)
1188 http fetch GET 200 https://registry.npmjs.org/typescript/-/typescript-5.9.2.tgz 2942ms (cache miss)
1189 http fetch GET 200 https://registry.npmjs.org/available-typed-arrays/-/available-typed-arrays-1.0.7.tgz 2918ms (cache miss)
1190 http fetch GET 200 https://registry.npmjs.org/async-function/-/async-function-1.0.0.tgz 2930ms (cache miss)
1191 http fetch GET 200 https://registry.npmjs.org/arraybuffer.prototype.slice/-/arraybuffer.prototype.slice-1.0.4.tgz 2938ms (cache miss)
1192 http fetch GET 200 https://registry.npmjs.org/ast-types-flow/-/ast-types-flow-0.0.8.tgz 2938ms (cache miss)
1193 http fetch GET 200 https://registry.npmjs.org/array.prototype.flat/-/array.prototype.flat-1.3.3.tgz 2940ms (cache miss)
1194 http fetch GET 200 https://registry.npmjs.org/array.prototype.tosorted/-/array.prototype.tosorted-1.1.4.tgz 2943ms (cache miss)
1195 http fetch GET 200 https://registry.npmjs.org/call-bound/-/call-bound-1.0.4.tgz 2949ms (cache miss)
1196 http fetch GET 200 https://registry.npmjs.org/balanced-match/-/balanced-match-1.0.2.tgz 2948ms (cache miss)
1197 http fetch GET 200 https://registry.npmjs.org/array.prototype.flatmap/-/array.prototype.flatmap-1.3.3.tgz 2958ms (cache miss)
1198 http fetch GET 200 https://registry.npmjs.org/array.prototype.findlast/-/array.prototype.findlast-1.2.5.tgz 2959ms (cache miss)
1199 http fetch GET 200 https://registry.npmjs.org/enhanced-resolve/-/enhanced-resolve-5.18.3.tgz 2970ms (cache miss)
1200 http fetch GET 200 https://registry.npmjs.org/array.prototype.findlastindex/-/array.prototype.findlastindex-1.2.6.tgz 2966ms (cache miss)
1201 http fetch GET 200 https://registry.npmjs.org/graphemer/-/graphemer-1.4.0.tgz 2972ms (cache miss)
1202 http fetch GET 200 https://registry.npmjs.org/array-includes/-/array-includes-3.1.9.tgz 2972ms (cache miss)
1203 http fetch GET 200 https://registry.npmjs.org/fast-glob/-/fast-glob-3.3.1.tgz 2986ms (cache miss)
1204 http fetch GET 200 https://registry.npmjs.org/esquery/-/esquery-1.6.0.tgz 2998ms (cache miss)
1205 http fetch GET 200 https://registry.npmjs.org/argparse/-/argparse-2.0.1.tgz 3002ms (cache miss)
1206 http fetch GET 200 https://registry.npmjs.org/asynckit/-/asynckit-0.4.0.tgz 3024ms (cache miss)
1207 http fetch GET 200 https://registry.npmjs.org/array-buffer-byte-length/-/array-buffer-byte-length-1.0.2.tgz 3044ms (cache miss)
1208 http fetch GET 200 https://registry.npmjs.org/mongodb/-/mongodb-6.18.0.tgz 3063ms (cache miss)
1209 http fetch GET 200 https://registry.npmjs.org/csstype/-/csstype-3.1.3.tgz 3054ms (cache miss)
1210 http fetch GET 200 https://registry.npmjs.org/acorn-jsx/-/acorn-jsx-5.3.2.tgz 3066ms (cache miss)
1211 http fetch GET 200 https://registry.npmjs.org/ansi-styles/-/ansi-styles-4.3.0.tgz 3067ms (cache miss)
1212 http fetch GET 200 https://registry.npmjs.org/@typescript-eslint/visitor-keys/-/visitor-keys-8.39.0.tgz 3084ms (cache miss)
1213 http fetch GET 200 https://registry.npmjs.org/@typescript-eslint/tsconfig-utils/-/tsconfig-utils-8.39.0.tgz 3087ms (cache miss)
1214 http fetch GET 200 https://registry.npmjs.org/@typescript-eslint/project-service/-/project-service-8.39.0.tgz 3101ms (cache miss)
1215 http fetch GET 200 https://registry.npmjs.org/@types/webidl-conversions/-/webidl-conversions-7.0.3.tgz 3102ms (cache miss)
1216 http fetch GET 200 https://registry.npmjs.org/@types/whatwg-url/-/whatwg-url-11.0.5.tgz 3104ms (cache miss)
1217 http fetch GET 200 https://registry.npmjs.org/@typescript-eslint/types/-/types-8.39.0.tgz 3117ms (cache miss)
1218 http fetch GET 200 https://registry.npmjs.org/@typescript-eslint/parser/-/parser-8.39.0.tgz 3138ms (cache miss)
1219 http fetch GET 200 https://registry.npmjs.org/acorn/-/acorn-8.15.0.tgz 3189ms (cache miss)
1220 http fetch GET 200 https://registry.npmjs.org/@types/react-dom/-/react-dom-19.1.7.tgz 3219ms (cache miss)
1221 http fetch GET 200 https://registry.npmjs.org/@types/json5/-/json5-0.0.29.tgz 3230ms (cache miss)
1222 http fetch GET 200 https://registry.npmjs.org/@types/estree/-/estree-1.0.8.tgz 3232ms (cache miss)
1223 http fetch GET 200 https://registry.npmjs.org/@types/json-schema/-/json-schema-7.0.15.tgz 3248ms (cache miss)
1224 http fetch GET 200 https://registry.npmjs.org/@tailwindcss/oxide/-/oxide-4.1.11.tgz 3261ms (cache miss)
1225 http fetch GET 200 https://registry.npmjs.org/axobject-query/-/axobject-query-4.1.0.tgz 3268ms (cache miss)
1226 http fetch GET 200 https://registry.npmjs.org/@nodelib/fs.walk/-/fs.walk-1.2.8.tgz 3277ms (cache miss)
1227 http fetch GET 200 https://registry.npmjs.org/@nodelib/fs.stat/-/fs.stat-2.0.5.tgz 3281ms (cache miss)
1228 http fetch GET 200 https://registry.npmjs.org/@nodelib/fs.scandir/-/fs.scandir-2.1.5.tgz 3281ms (cache miss)
1229 http fetch GET 200 https://registry.npmjs.org/@rtsao/scc/-/scc-1.1.0.tgz 3284ms (cache miss)
1230 http fetch GET 200 https://registry.npmjs.org/@nolyfill/is-core-module/-/is-core-module-1.0.39.tgz 3294ms (cache miss)
1231 http fetch GET 200 https://registry.npmjs.org/es-iterator-helpers/-/es-iterator-helpers-1.2.1.tgz 3324ms (cache miss)
1232 http fetch GET 200 https://registry.npmjs.org/@next/env/-/env-15.4.6.tgz 3321ms (cache miss)
1233 http fetch GET 200 https://registry.npmjs.org/@tailwindcss/postcss/-/postcss-4.1.11.tgz 3330ms (cache miss)
1234 http fetch GET 200 https://registry.npmjs.org/@isaacs/fs-minipass/-/fs-minipass-4.0.1.tgz 3334ms (cache miss)
1235 http fetch GET 200 https://registry.npmjs.org/@humanwhocodes/retry/-/retry-0.4.3.tgz 3358ms (cache miss)
1236 http fetch GET 200 https://registry.npmjs.org/animejs/-/animejs-4.1.3.tgz 3378ms (cache miss)
1237 http fetch GET 200 https://registry.npmjs.org/@jridgewell/gen-mapping/-/gen-mapping-0.3.12.tgz 3433ms (cache miss)
1238 http fetch GET 200 https://registry.npmjs.org/@jridgewell/sourcemap-codec/-/sourcemap-codec-1.5.4.tgz 3442ms (cache miss)
1239 http fetch GET 200 https://registry.npmjs.org/@typescript-eslint/type-utils/-/type-utils-8.39.0.tgz 3453ms (cache miss)
1240 http fetch GET 200 https://registry.npmjs.org/@jridgewell/resolve-uri/-/resolve-uri-3.1.2.tgz 3480ms (cache miss)
1241 http fetch GET 200 https://registry.npmjs.org/@humanfs/core/-/core-0.19.1.tgz 3486ms (cache miss)
1242 http fetch GET 200 https://registry.npmjs.org/@humanfs/node/-/node-0.16.6.tgz 3488ms (cache miss)
1243 http fetch GET 200 https://registry.npmjs.org/@humanwhocodes/module-importer/-/module-importer-1.0.1.tgz 3502ms (cache miss)
1244 http fetch GET 200 https://registry.npmjs.org/@floating-ui/utils/-/utils-0.2.10.tgz 3505ms (cache miss)
1245 http fetch GET 200 https://registry.npmjs.org/@panva/hkdf/-/hkdf-1.2.1.tgz 3506ms (cache miss)
1246 http fetch GET 200 https://registry.npmjs.org/@types/react/-/react-19.1.9.tgz 3512ms (cache miss)
1247 http fetch GET 200 https://registry.npmjs.org/@tailwindcss/node/-/node-4.1.11.tgz 3509ms (cache miss)
1248 http fetch GET 200 https://registry.npmjs.org/@floating-ui/react-dom/-/react-dom-2.1.5.tgz 3512ms (cache miss)
1249 http fetch GET 200 https://registry.npmjs.org/@eslint/object-schema/-/object-schema-2.1.6.tgz 3520ms (cache miss)
1250 http fetch GET 200 https://registry.npmjs.org/@eslint/config-helpers/-/config-helpers-0.3.1.tgz 3521ms (cache miss)
1251 http fetch GET 200 https://registry.npmjs.org/@eslint/js/-/js-9.32.0.tgz 3524ms (cache miss)
1252 http fetch GET 200 https://registry.npmjs.org/@eslint/plugin-kit/-/plugin-kit-0.3.5.tgz 3524ms (cache miss)
1253 http fetch GET 200 https://registry.npmjs.org/@jridgewell/trace-mapping/-/trace-mapping-0.3.29.tgz 3538ms (cache miss)
1254 http fetch GET 200 https://registry.npmjs.org/@floating-ui/dom/-/dom-1.7.3.tgz 3537ms (cache miss)
1255 http fetch GET 200 https://registry.npmjs.org/@img/sharp-darwin-arm64/-/sharp-darwin-arm64-0.34.3.tgz 3560ms (cache miss)
1256 http fetch GET 200 https://registry.npmjs.org/@eslint/core/-/core-0.15.2.tgz 4118ms (cache miss)
1257 http fetch GET 200 https://registry.npmjs.org/@floating-ui/core/-/core-1.7.3.tgz 4130ms (cache miss)
1258 http fetch GET 200 https://registry.npmjs.org/@unrs/resolver-binding-darwin-arm64/-/resolver-binding-darwin-arm64-1.11.1.tgz 4161ms (cache miss)
1259 http fetch GET 200 https://registry.npmjs.org/@mongodb-js/saslprep/-/saslprep-1.3.0.tgz 4163ms (cache miss)
1260 http fetch GET 200 https://registry.npmjs.org/@tybys/wasm-util/-/wasm-util-0.10.0.tgz 4199ms (cache miss)
1261 http fetch GET 200 https://registry.npmjs.org/@ampproject/remapping/-/remapping-2.3.0.tgz 4194ms (cache miss)
1262 http fetch GET 200 https://registry.npmjs.org/yallist/-/yallist-4.0.0.tgz 4201ms (cache miss)
1263 http fetch GET 200 https://registry.npmjs.org/lightningcss-darwin-arm64/-/lightningcss-darwin-arm64-1.30.1.tgz 4229ms (cache miss)
1264 http fetch GET 200 https://registry.npmjs.org/@typescript-eslint/typescript-estree/-/typescript-estree-8.39.0.tgz 4215ms (cache miss)
1265 http fetch GET 200 https://registry.npmjs.org/debug/-/debug-3.2.7.tgz 4206ms (cache miss)
1266 http fetch GET 200 https://registry.npmjs.org/brace-expansion/-/brace-expansion-2.0.2.tgz 4206ms (cache miss)
1267 http fetch GET 200 https://registry.npmjs.org/axe-core/-/axe-core-4.10.3.tgz 4219ms (cache miss)
1268 http fetch GET 200 https://registry.npmjs.org/glob-parent/-/glob-parent-5.1.2.tgz 4210ms (cache miss)
1269 http fetch GET 200 https://registry.npmjs.org/@alloc/quick-lru/-/quick-lru-5.2.0.tgz 4211ms (cache miss)
1270 http fetch GET 200 https://registry.npmjs.org/semver/-/semver-6.3.1.tgz 4212ms (cache miss)
1271 http fetch GET 200 https://registry.npmjs.org/eslint-visitor-keys/-/eslint-visitor-keys-3.4.3.tgz 4210ms (cache miss)
1272 http fetch GET 200 https://registry.npmjs.org/@humanwhocodes/retry/-/retry-0.3.1.tgz 4213ms (cache miss)
1273 http fetch GET 200 https://registry.npmjs.org/ignore/-/ignore-7.0.5.tgz 4217ms (cache miss)
1274 http fetch GET 200 https://registry.npmjs.org/semver/-/semver-6.3.1.tgz 4225ms (cache miss)
1275 http fetch GET 200 https://registry.npmjs.org/debug/-/debug-3.2.7.tgz 4225ms (cache miss)
1276 http fetch GET 200 https://registry.npmjs.org/picomatch/-/picomatch-4.0.3.tgz 4235ms (cache miss)
1277 http fetch GET 200 https://registry.npmjs.org/debug/-/debug-3.2.7.tgz 4235ms (cache miss)
1278 http fetch GET 200 https://registry.npmjs.org/glob-parent/-/glob-parent-5.1.2.tgz 4237ms (cache miss)
1279 http fetch GET 200 https://registry.npmjs.org/@typescript-eslint/utils/-/utils-8.39.0.tgz 4249ms (cache miss)
1280 http fetch GET 200 https://registry.npmjs.org/ajv/-/ajv-6.12.6.tgz 4253ms (cache miss)
1281 http fetch GET 200 https://registry.npmjs.org/eslint-plugin-import/-/eslint-plugin-import-2.32.0.tgz 4270ms (cache miss)
1282 http fetch GET 200 https://registry.npmjs.org/aria-query/-/aria-query-5.3.2.tgz 4275ms (cache miss)
1283 http fetch GET 200 https://registry.npmjs.org/@emnapi/wasi-threads/-/wasi-threads-1.0.4.tgz 4295ms (cache miss)
1284 http fetch GET 200 https://registry.npmjs.org/@rushstack/eslint-patch/-/eslint-patch-1.12.0.tgz 4315ms (cache miss)
1285 http fetch GET 200 https://registry.npmjs.org/@eslint-community/eslint-utils/-/eslint-utils-4.7.0.tgz 4326ms (cache miss)
1286 http fetch GET 200 https://registry.npmjs.org/@eslint-community/regexpp/-/regexpp-4.12.1.tgz 4329ms (cache miss)
1287 http fetch GET 200 https://registry.npmjs.org/@eslint/config-array/-/config-array-0.21.0.tgz 4342ms (cache miss)
1288 http fetch GET 200 https://registry.npmjs.org/@emnapi/runtime/-/runtime-1.4.5.tgz 4374ms (cache miss)
1289 http fetch GET 200 https://registry.npmjs.org/fdir/-/fdir-6.4.6.tgz 4402ms (cache miss)
1290 http fetch GET 200 https://registry.npmjs.org/bson/-/bson-6.10.4.tgz 4435ms (cache miss)
1291 http fetch GET 200 https://registry.npmjs.org/@next/eslint-plugin-next/-/eslint-plugin-next-15.4.6.tgz 4434ms (cache miss)
1292 http fetch GET 200 https://registry.npmjs.org/axios/-/axios-1.12.2.tgz 4464ms (cache miss)
1293 http fetch GET 200 https://registry.npmjs.org/@floating-ui/react/-/react-0.27.15.tgz 4477ms (cache miss)
1294 http fetch GET 200 https://registry.npmjs.org/@eslint/eslintrc/-/eslintrc-3.3.1.tgz 4515ms (cache miss)
1295 http fetch GET 200 https://registry.npmjs.org/postcss/-/postcss-8.4.31.tgz 4516ms (cache miss)
1296 http fetch GET 200 https://registry.npmjs.org/fast-glob/-/fast-glob-3.3.3.tgz 4518ms (cache miss)
1297 http fetch GET 200 https://registry.npmjs.org/eslint-plugin-jsx-a11y/-/eslint-plugin-jsx-a11y-6.10.2.tgz 4547ms (cache miss)
1298 http fetch GET 200 https://registry.npmjs.org/uuid/-/uuid-8.3.2.tgz 4531ms (cache miss)
1299 http fetch GET 200 https://registry.npmjs.org/minimatch/-/minimatch-9.0.5.tgz 4535ms (cache miss)
1300 http fetch GET 200 https://registry.npmjs.org/jose/-/jose-4.15.9.tgz 4562ms (cache miss)
1301 http fetch GET 200 https://registry.npmjs.org/@tailwindcss/oxide-darwin-arm64/-/oxide-darwin-arm64-4.1.11.tgz 4559ms (cache miss)
1302 http fetch GET 200 https://registry.npmjs.org/@emnapi/core/-/core-1.4.5.tgz 4575ms (cache miss)
1303 http fetch GET 200 https://registry.npmjs.org/@types/node/-/node-20.19.9.tgz 4590ms (cache miss)
1304 http fetch GET 200 https://registry.npmjs.org/resolve/-/resolve-2.0.0-next.5.tgz 4647ms (cache miss)
1305 http fetch GET 200 https://registry.npmjs.org/@babel/runtime/-/runtime-7.28.4.tgz 4677ms (cache miss)
1306 http fetch GET 200 https://registry.npmjs.org/eslint-plugin-react/-/eslint-plugin-react-7.37.5.tgz 4708ms (cache miss)
1307 http fetch GET 200 https://registry.npmjs.org/framer-motion/-/framer-motion-12.23.12.tgz 5664ms (cache miss)
1308 http fetch GET 200 https://registry.npmjs.org/@typescript-eslint/scope-manager/-/scope-manager-8.39.0.tgz 5657ms (cache miss)
1309 http fetch GET 200 https://registry.npmjs.org/gsap/-/gsap-3.13.0.tgz 5680ms (cache miss)
1310 http fetch GET 200 https://registry.npmjs.org/@napi-rs/wasm-runtime/-/wasm-runtime-0.2.12.tgz 5684ms (cache miss)
1311 warn tarball tarball data for eslint@https://registry.npmjs.org/eslint/-/eslint-9.32.0.tgz (sha512-LSehfdpgMeWcTZkWZVIJl+tkZ2nutertiary-vivid-blue-dark-500yB9C27MZqFWXuph7DvaowgcTvKqxvpLW1JZIk8PN7hFY3Rj9LQ7m7lg==) seems to be corrupted. Trying again.
1312 http fetch GET 200 https://registry.npmjs.org/eslint/-/eslint-9.32.0.tgz 5740ms (cache miss)
1313 http fetch GET 200 https://registry.npmjs.org/@swc/helpers/-/helpers-0.5.15.tgz 5825ms (cache miss)
1314 http fetch GET 200 https://registry.npmjs.org/@typescript-eslint/eslint-plugin/-/eslint-plugin-8.39.0.tgz 5907ms (cache miss)
1315 http fetch GET 200 https://registry.npmjs.org/caniuse-lite/-/caniuse-lite-1.0.30001733.tgz 5977ms (cache miss)
1316 http fetch GET 200 https://registry.npmjs.org/@img/sharp-libvips-darwin-arm64/-/sharp-libvips-darwin-arm64-1.2.0.tgz 6102ms (cache miss)
1317 http fetch GET 200 https://registry.npmjs.org/next 5812ms (cache miss)
1318 silly packumentCache corgi:https://registry.npmjs.org/next set size:undefined disposed:false
1319 silly packumentCache corgi:https://registry.npmjs.org/next-auth cache-miss
1320 warn tarball tarball data for eslint@https://registry.npmjs.org/eslint/-/eslint-9.32.0.tgz (sha512-LSehfdpgMeWcTZkWZVIJl+tkZ2nutertiary-vivid-blue-dark-500yB9C27MZqFWXuph7DvaowgcTvKqxvpLW1JZIk8PN7hFY3Rj9LQ7m7lg==) seems to be corrupted. Trying again.
1321 http fetch GET 200 https://registry.npmjs.org/eslint/-/eslint-9.32.0.tgz 688ms (cache miss)
1322 http fetch GET 200 https://registry.npmjs.org/next-auth 479ms (cache miss)
1323 silly packumentCache corgi:https://registry.npmjs.org/next-auth set size:undefined disposed:false
1324 http fetch GET 200 https://registry.npmjs.org/es-abstract/-/es-abstract-1.24.0.tgz 7573ms (cache miss)
1325 http fetch GET 200 https://registry.npmjs.org/lucide-react/-/lucide-react-0.539.0.tgz 12153ms (cache miss)
1326 http fetch GET 200 https://registry.npmjs.org/@next/swc-darwin-arm64/-/swc-darwin-arm64-15.4.6.tgz 12335ms (cache miss)
1327 http fetch GET 200 https://registry.npmjs.org/next/-/next-15.4.6.tgz 20479ms (cache miss)
1328 verbose stack Error: sha512-LSehfdpgMeWcTZkWZVIJl+tkZ2nutertiary-vivid-blue-dark-500yB9C27MZqFWXuph7DvaowgcTvKqxvpLW1JZIk8PN7hFY3Rj9LQ7m7lg== integrity checksum failed when using sha512: wanted sha512-LSehfdpgMeWcTZkWZVIJl+tkZ2nutertiary-vivid-blue-dark-500yB9C27MZqFWXuph7DvaowgcTvKqxvpLW1JZIk8PN7hFY3Rj9LQ7m7lg== but got sha512-LSehfdpgMeWcTZkWZVIJl+tkZ2nuSkyyB9C27MZqFWXuph7DvaowgcTvKqxvpLW1JZIk8PN7hFY3Rj9LQ7m7lg==. (626476 bytes)
1328 verbose stack     at #onEnd (/opt/homebrew/lib/node_modules/npm/node_modules/ssri/lib/index.js:111:19)
1328 verbose stack     at IntegrityStream.emit (/opt/homebrew/lib/node_modules/npm/node_modules/ssri/lib/index.js:81:18)
1328 verbose stack     at [maybeEmitEnd] (/opt/homebrew/lib/node_modules/npm/node_modules/minipass/dist/commonjs/index.js:713:18)
1328 verbose stack     at IntegrityStream.emit (/opt/homebrew/lib/node_modules/npm/node_modules/minipass/dist/commonjs/index.js:794:29)
1328 verbose stack     at IntegrityStream.emit (/opt/homebrew/lib/node_modules/npm/node_modules/ssri/lib/index.js:83:18)
1328 verbose stack     at [resume] (/opt/homebrew/lib/node_modules/npm/node_modules/minipass/dist/commonjs/index.js:484:18)
1328 verbose stack     at IntegrityStream.resume (/opt/homebrew/lib/node_modules/npm/node_modules/minipass/dist/commonjs/index.js:496:28)
1328 verbose stack     at CachingMinipassPipeline.emit (/opt/homebrew/lib/node_modules/npm/node_modules/minipass-pipeline/index.js:105:19)
1328 verbose stack     at CachingMinipassPipeline.emit (/opt/homebrew/lib/node_modules/npm/node_modules/make-fetch-happen/lib/pipeline.js:37:18)
1328 verbose stack     at [resume] (/opt/homebrew/lib/node_modules/npm/node_modules/minipass-pipeline/node_modules/minipass/index.js:312:10)
1329 error code EINTEGRITY
1330 error sha512-LSehfdpgMeWcTZkWZVIJl+tkZ2nutertiary-vivid-blue-dark-500yB9C27MZqFWXuph7DvaowgcTvKqxvpLW1JZIk8PN7hFY3Rj9LQ7m7lg== integrity checksum failed when using sha512: wanted sha512-LSehfdpgMeWcTZkWZVIJl+tkZ2nutertiary-vivid-blue-dark-500yB9C27MZqFWXuph7DvaowgcTvKqxvpLW1JZIk8PN7hFY3Rj9LQ7m7lg== but got sha512-LSehfdpgMeWcTZkWZVIJl+tkZ2nuSkyyB9C27MZqFWXuph7DvaowgcTvKqxvpLW1JZIk8PN7hFY3Rj9LQ7m7lg==. (626476 bytes)
1331 silly unfinished npm timer reify 1758899290255
1332 silly unfinished npm timer reify:unpack 1758899290442
1333 silly unfinished npm timer reifyNode:node_modules/eslint 1758899290443
1334 verbose cwd /Users/aviralgarg/Downloads/wayweb
1335 verbose os Darwin 25.1.0
1336 verbose node v24.7.0
1337 verbose npm  v11.5.1
1338 notice
1338 notice New [33mminor[39m version of npm available! [33m11.5.1[39m -> [34m11.6.1[39m
1338 notice Changelog: [34mhttps://github.com/npm/cli/releases/tag/v11.6.1[39m
1338 notice To update run: [4mnpm install -g npm@11.6.1[24m
1338 notice  { force: true, Symbol(proc-log.meta): true }
1339 verbose exit 1
1340 verbose code 1
1341 error A complete log of this run can be found in: /Users/aviralgarg/Downloads/wayweb/tmp-npm-cache/_logs/2025-09-26T15_08_09_950Z-debug-0.log
